FECHA,PM 10,O3,NO2,CO,SO2,MAXIMO,CONTAMINANTE,EST.,ZONA,,,,
01/01/2014,125,50,32,39,7,125,PM10,SC,NORTE,,,,
02/01/2014,72,46,35,22,9,72,PM10,SC,NORTE,,,,
03/01/2014,57,50,33,20,6,57,PM10,SC,NORTE,,,,
04/01/2014,104,67,36,25,9,104,PM10,SC,NORTE,,,,
05/01/2014,95,74,35,27,8,95,PM10,SC,NORTE,,,,
06/01/2014,103,53,34,24,9,103,PM10,SC,NORTE,,,,
07/01/2014,75,41,34,21,11,75,PM10,SC,NORTE,,,,
08/01/2014,121,50,39,24,20,121,PM10,SC,NORTE,,,,
09/01/2014,121,45,47,32,19,121,PM10,SC,NORTE,,,,
10/01/2014,127,40,50,31,13,127,PM10,SC,NORTE,,,,
11/01/2014,86,55,38,36,12,86,PM10,SC,NORTE,,,,
12/01/2014,92,44,34,25,7,92,PM10,SC,NORTE,,,,
13/01/2014,73,51,37,31,15,73,PM10,SC,NORTE,,,,
14/01/2014,93,45,37,26,17,93,PM10,SC,NORTE,,,,
15/01/2014,53,52,37,20,10,53,PM10,SC,NORTE,,,,
16/01/2014,87,55,44,23,16,87,PM10,CE,CENTRO,,,,
17/01/2014,81,65,42,32,14,81,PM10,SM,SUR,,,,
18/01/2014,83,75,46,25,16,83,PM10,AP,NORTE,,,,
19/01/2014,87,98,46,24,12,98,O3,OX,CENTRO,,,,
20/01/2014,86,49,46,28,13,86,PM10,AP,NORTE,,,,
21/01/2014,117,64,39,29,13,117,PM10,SC,NORTE,,,,
22/01/2014,112,69,46,32,14,112,PM10,SC,NORTE,,,,
23/01/2014,123,77,44,23,15,123,PM10,SC,NORTE,,,,
24/01/2014,114,91,38,30,12,114,PM10,SC,NORTE,,,,
25/01/2014,106,75,54,21,8,106,PM10,SC,NORTE,,,,
26/01/2014,82,70,38,22,9,82,PM10,SC,NORTE,,,,
27/01/2014,103,79,59,26,14,103,PM10,SC,NORTE,,,,
28/01/2014,101,58,44,24,17,101,PM10,SM,SUR,,,,
29/01/2014,105,60,35,25,13,105,PM10,SC,NORTE,,,,
30/01/2014,113,65,46,24,14,113,PM10,SC,NORTE,,,,
31/01/2014,106,68,42,26,15,106,PM10,SC,NORTE,,,,
01/02/2014,112,72,52,22,9,112,PM10,SC,NORTE,,,,
02/02/2014,91,82,28,20,7,91,PM10,SC,NORTE,,,,
03/02/2014,112,70,36,20,8,112,PM10,SC,NORTE,,,,
04/02/2014,113,78,47,25,15,113,PM10,SC,NORTE,,,,
05/02/2014,128,61,40,27,18,128,PM10,SC,NORTE,,,,
06/02/2014,106,66,40,27,16,106,PM10,SC,NORTE,,,,
07/02/2014,101,86,34,26,15,101,PM10,SC,NORTE,,,,
08/02/2014,74,82,45,30,11,82,O3,CB,SUR,,,,
09/02/2014,77,65,31,22,8,77,PM10,SC,NORTE,,,,
10/02/2014,99,68,46,28,15,99,PM10,SC,NORTE,,,,
11/02/2014,99,82,37,23,16,99,PM10,SC,NORTE,,,,
12/02/2014,101,58,39,28,13,101,PM10,SC,NORTE,,,,
13/02/2014,122,86,45,30,13,122,PM10,AP,NORTE,,,,
14/02/2014,113,71,44,26,10,113,PM10,SC,NORTE,,,,
15/02/2014,103,69,39,25,11,103,PM10,SC,NORTE,,,,
16/02/2014,105,76,30,19,10,105,PM10,SC,NORTE,,,,
17/02/2014,119,88,48,28,15,119,PM10,SC,NORTE,,,,
18/02/2014,134,103,46,28,15,134,PM10,SC,NORTE,,,,
19/02/2014,127,101,43,29,15,127,PM10,SC,NORTE,,,,
20/02/2014,121,124,44,23,15,124,O3,SC,NORTE,,,,
21/02/2014,127,74,40,33,14,127,PM10,SC,NORTE,,,,
22/02/2014,117,77,34,23,12,117,PM10,SC,NORTE,,,,
23/02/2014,91,73,24,20,10,91,PM10,SC,NORTE,,,,
24/02/2014,121,73,40,26,14,121,PM10,SC,NORTE,,,,
25/02/2014,106,100,32,21,16,106,PM10,SC,NORTE,,,,
26/02/2014,107,75,30,30,13,107,PM10,SC,NORTE,,,,
27/02/2014,138,75,31,18,12,138,PM10,SC,NORTE,,,,
28/02/2014,104,95,30,21,10,104,PM10,SC,NORTE,,,,
01/03/2014,106,75,37,28,12,106,PM10,SC,NORTE,,,,
02/03/2014,91,84,26,17,8,91,PM10,SC,NORTE,,,,
03/03/2014,117,78,38,21,15,117,PM10,SC,NORTE,,,,
04/03/2014,106,46,27,20,14,106,PM10,SC,NORTE,,,,
05/03/2014,113,75,28,22,15,113,PM10,SC,NORTE,,,,
06/03/2014,116,74,46,26,17,116,PM10,SC,NORTE,,,,
07/03/2014,122,51,35,19,12,122,PM10,SC,NORTE,,,,
08/03/2014,95,64,30,21,13,95,PM10,SC,NORTE,,,,
09/03/2014,64,35,18,15,12,64,PM10,SC,NORTE,,,,
10/03/2014,114,28,26,24,14,114,PM10,SC,NORTE,,,,
11/03/2014,108,38,28,23,19,108,PM10,SC,NORTE,,,,
12/03/2014,119,66,35,23,21,119,PM10,SC,NORTE,,,,
13/03/2014,126,51,26,19,14,126,PM10,SC,NORTE,,,,
14/03/2014,109,85,28,21,11,109,PM10,SC,NORTE,,,,
15/03/2014,104,81,34,18,10,104,PM10,SC,NORTE,,,,
16/03/2014,108,55,24,15,9,108,PM10,SC,NORTE,,,,
17/03/2014,90,42,18,10,7,90,PM10,SC,NORTE,,,,
18/03/2014,118,47,24,20,14,118,PM10,SC,NORTE,,,,
19/03/2014,104,63,25,20,15,104,PM10,SC,NORTE,,,,
20/03/2014,106,87,40,24,15,106,PM10,SC,NORTE,,,,
21/03/2014,93,87,39,21,14,93,PM10,SC,NORTE,,,,
22/03/2014,98,64,39,21,15,98,PM10,SC,NORTE,,,,
23/03/2014,92,63,32,15,13,92,PM10,SC,NORTE,,,,
24/03/2014,112,60,38,24,26,112,PM10,SC,NORTE,,,,
25/03/2014,85,67,39,25,20,85,PM10,SM,SUR,,,,
26/03/2014,100,55,25,20,21,100,PM10,SC,NORTE,,,,
27/03/2014,97,58,32,19,15,97,PM10,SC,NORTE,,,,
28/03/2014,91,58,37,22,11,91,PM10,SC,NORTE,,,,
29/03/2014,96,76,28,19,10,96,PM10,SC,NORTE,,,,
30/03/2014,77,67,22,15,10,77,PM10,SC,NORTE,,,,
31/03/2014,103,67,33,26,15,103,PM10,SC,NORTE,,,,
01/04/2014,104,81,36,22,17,104,PM10,SC,NORTE,,,,
02/04/2014,76,84,38,25,16,84,O3,SM,SUR,,,,
03/04/2014,82,75,27,27,18,82,PM10,SC,NORTE,,,,
04/04/2014,96,97,34,28,13,97,O3,CB,SUR,,,,
05/04/2014,93,65,25,16,13,93,PM10,SC,NORTE,,,,
06/04/2014,87,72,23,17,10,87,PM10,SC,NORTE,,,,
07/04/2014,97,76,36,24,16,97,PM10,SC,NORTE,,,,
08/04/2014,101,80,27,22,13,101,PM10,SC,NORTE,,,,
09/04/2014,96,87,31,22,22,96,PM10,SC,NORTE,,,,
10/04/2014,113,75,38,22,18,113,PM10,SC,NORTE,,,,
11/04/2014,114,85,42,27,18,114,PM10,SC,NORTE,,,,
12/04/2014,103,102,35,26,14,103,PM10,SC,NORTE,,,,
13/04/2014,99,99,29,19,9,99,"PM10, O3","SC, CB","NORTE, SUR",,,,
14/04/2014,68,84,30,26,10,84,O3,CB,SUR,,,,
15/04/2014,92,66,28,24,10,92,PM10,SC,NORTE,,,,
16/04/2014,70,71,33,22,9,71,O3,OX,CENTRO,,,,
17/04/2014,73,67,23,22,10,73,PM10,SC,NORTE,,,,
18/04/2014,66,79,23,16,9,79,O3,SC,NORTE,,,,
19/04/2014,36,71,22,17,8,71,O3,SC,NORTE,,,,
20/04/2014,40,73,21,20,9,73,O3,CB,SUR,,,,
21/04/2014,48,62,26,26,14,62,O3,SC,NORTE,,,,
22/04/2014,44,52,26,25,21,52,O3,SC,NORTE,,,,
23/04/2014,47,62,25,23,24,62,O3,SC,NORTE,,,,
24/04/2014,69,63,33,16,17,69,PM10,AP,NORTE,,,,
25/04/2014,59,66,26,15,7,66,O3,SC,NORTE,,,,
26/04/2014,84,55,30,16,15,84,PM10,SC,NORTE,,,,
27/04/2014,69,62,22,12,15,69,PM10,SC,NORTE,,,,
28/04/2014,80,68,30,19,23,80,PM10,SC,NORTE,,,,
29/04/2014,110,87,35,20,17,110,PM10,SC,NORTE,,,,
30/04/2014,111,61,35,24,13,111,PM10,SC,NORTE,,,,
01/05/2014,63,74,27,17,5,74,O3,SC,NORTE,,,,
02/05/2014,76,56,33,19,5,76,PM10,SC,NORTE,,,,
03/05/2014,82,62,28,19,6,82,PM10,SC,NORTE,,,,
04/05/2014,69,55,25,14,5,69,PM10,SC,NORTE,,,,
05/05/2014,63,67,37,19,9,67,O3,SC,NORTE,,,,
06/05/2014,80,77,38,26,11,80,PM10,AP,NORTE,,,,
07/05/2014,48,52,29,20,10,52,O3,OX,CENTRO,,,,
08/05/2014,32,41,27,20,8,41,O3,OX,CENTRO,,,,
09/05/2014,56,65,35,28,7,65,O3,CB,SUR,,,,
10/05/2014,51,73,33,19,5,73,O3,SC,NORTE,,,,
11/05/2014,43,65,23,16,5,65,O3,OX,CENTRO,,,,
12/05/2014,56,74,26,18,9,74,O3,CB,SUR,,,,
13/05/2014,67,54,27,20,9,67,PM10,SC,NORTE,,,,
14/05/2014,59,75,23,14,5,75,O3,CB,SUR,,,,
15/05/2014,66,67,32,14,9,67,O3,CB,SUR,,,,
16/05/2014,94,82,36,22,7,94,PM10,AP,NORTE,,,,
17/05/2014,76,75,37,20,11,76,PM10,SC,NORTE,,,,
18/05/2014,64,73,28,14,7,73,O3,SC,NORTE,,,,
19/05/2014,101,68,45,20,14,101,PM10,SC,NORTE,,,,
20/05/2014,102,71,44,21,15,102,PM10,SC,NORTE,,,,
21/05/2014,81,81,30,19,15,81,"PM10, O3","SC, CB","NORTE, SUR",,,,
22/05/2014,68,82,31,19,12,82,O3,SC,NORTE,,,,
23/05/2014,47,71,31,17,7,71,O3,SC,NORTE,,,,
24/05/2014,55,74,30,18,6,74,O3,SC,NORTE,,,,
25/05/2014,29,58,18,11,5,58,O3,SC,NORTE,,,,
26/05/2014,53,67,36,20,11,67,O3,SC,NORTE,,,,
27/05/2014,49,86,31,20,11,86,O3,SC,NORTE,,,,
28/05/2014,42,63,31,17,15,63,O3,"SM, SC","SUR, NORTE",,,,
29/05/2014,51,77,28,18,10,77,O3,SC,NORTE,,,,
30/05/2014,58,78,40,21,8,78,O3,SC,NORTE,,,,
31/05/2014,49,62,25,23,10,62,O3,SC,NORTE,,,,
01/06/2014,38,62,20,17,8,62,O3,SC,NORTE,,,,
02/06/2014,55,60,31,17,9,60,O3,CB,SUR,,,,
03/06/2014,62,69,30,20,11,69,O3,CB,SUR,,,,
04/06/2014,46,51,21,19,10,51,O3,SC,NORTE,,,,
05/06/2014,52,55,17,20,11,55,O3,CB,SUR,,,,
06/06/2014,41,46,14,16,9,46,O3,CB,SUR,,,,
07/06/2014,46,46,16,19,9,46,"PM10, O3","AP, SC",NORTE,,,,
08/06/2014,38,53,19,13,9,53,O3,SC,NORTE,,,,
09/06/2014,49,41,15,17,12,49,PM10,,NO EXISTE,,,,
10/06/2014,55,72,20,15,15,72,O3,CB,SUR,,,,
11/06/2014,41,44,25,21,17,44,O3,SC,NORTE,,,,
12/06/2014,56,76,26,20,18,76,O3,CB,SUR,,,,
13/06/2014,60,122,31,19,15,122,O3,CB,SUR,,,,
14/06/2014,60,95,27,18,7,95,O3,CB,SUR,,,,
15/06/2014,64,77,18,15,7,77,O3,CB,SUR,,,,
16/06/2014,91,101,27,21,12,101,O3,"CB, SC","SUR, NORTE",,,,
17/06/2014,41,69,26,17,18,69,O3,SC,NORTE,,,,
18/06/2014,55,70,29,20,11,70,O3,SC,NORTE,,,,
19/06/2014,49,59,22,18,15,59,O3,SC,NORTE,,,,
20/06/2014,45,49,23,22,7,49,O3,SC,NORTE,,,,
21/06/2014,39,55,20,14,6,55,O3,SC,NORTE,,,,
22/06/2014,41,75,20,11,6,75,O3,CB,SUR,,,,
23/06/2014,47,55,24,21,7,55,O3,SC,NORTE,,,,
24/06/2014,39,65,25,15,11,65,O3,SC,NORTE,,,,
25/06/2014,21,40,24,13,11,40,O3,SC,NORTE,,,,
26/06/2014,26,37,16,14,12,37,O3,SC,NORTE,,,,
27/06/2014,32,35,16,15,7,35,O3,SC,NORTE,,,,
28/06/2014,47,42,14,9,6,47,PM10,AP,NORTE,,,,
29/06/2014,33,40,18,11,7,40,O3,SC,NORTE,,,,
30/06/2014,14,25,14,13,6,25,O3,SC,NORTE,,,,
01/07/2014,24,29,19,12,11,29,O3,SC,NORTE,,,,
02/07/2014,37,61,26,17,13,61,O3,SC,NORTE,,,,
03/07/2014,42,45,28,23,12,45,O3,SC,NORTE,,,,
04/07/2014,32,44,19,16,12,44,O3,SC,NORTE,,,,
05/07/2014,31,46,25,15,10,46,O3,SC,NORTE,,,,
06/07/2014,28,46,18,10,10,46,O3,SC,NORTE,,,,
07/07/2014,36,51,21,15,8,51,O3,SC,NORTE,,,,
08/07/2014,48,50,31,16,8,50,O3,CB,SUR,,,,
09/07/2014,57,51,30,19,15,57,PM10,SC,NORTE,,,,
10/07/2014,55,55,34,16,15,55,"PM10, O3",SC,NORTE,,,,
11/07/2014,87,100,38,14,12,100,O3,OX,CENTRO,,,,
12/07/2014,48,68,29,14,10,68,O3,CB,SUR,,,,
13/07/2014,40,65,22,12,9,65,O3,SC,NORTE,,,,
14/07/2014,42,67,32,19,13,67,O3,CB,SUR,,,,
15/07/2014,52,71,34,19,12,71,O3,CB,SUR,,,,
16/07/2014,39,62,32,18,11,62,O3,SC,NORTE,,,,
17/07/2014,53,65,25,20,11,65,O3,SC,NORTE,,,,
18/07/2014,42,53,26,19,11,53,O3,OX,CENTRO,,,,
19/07/2014,48,43,23,13,11,48,PM10,SC,NORTE,,,,
20/07/2014,42,65,20,13,7,65,O3,OX,CENTRO,,,,
21/07/2014,50,67,32,19,12,67,O3,OX,"NORTE, SUR",,,,
22/07/2014,57,77,30,22,8,77,O3,SC,NORTE,,,,
23/07/2014,47,74,28,21,9,74,O3,OX,CENTRO,,,,
24/07/2014,46,40,29,19,11,46,PM10,AP,NORTE,,,,
25/07/2014,55,61,33,17,6,61,O3,OX,CENTRO,,,,
26/07/2014,53,57,25,20,6,57,O3,SC,NORTE,,,,
27/07/2014,37,71,19,17,5,71,O3,SC,NORTE,,,,
28/07/2014,48,61,25,20,9,61,O3,SCB,"SUR, NORTE",,,,
29/07/2014,44,58,31,20,10,58,O3,SC,NORTE,,,,
30/07/2014,49,65,27,17,9,65,O3,SC,NORTE,,,,
31/07/2014,48,63,26,18,16,63,O3,SC,NORTE,,,,
01/08/2014,63,70,31,13,7,70,O3,CB,SUR,,,,
02/08/2014,55,77,26,10,6,77,O3,CB,SUR,,,,
03/08/2014,44,67,20,7,7,67,O3,CB,SUR,,,,
04/08/2014,46,55,22,8,7,55,O3,"OX, CB","CENTRO, SUR",,,,
05/08/2014,54,72,26,10,12,72,O3,CB,SUR,,,,
06/08/2014,40,42,30,15,12,42,O3,OX,CENTRO,,,,
07/08/2014,37,35,28,16,14,37,PM10,AP,NORTE,,,,
08/08/2014,43,45,30,19,9,45,O3,"OX, CB","CENTRO, SUR",,,,
09/08/2014,49,59,33,21,8,59,O3,CB,SUR,,,,
10/08/2014,42,73,24,14,6,73,O3,CB,SUR,,,,
11/08/2014,39,55,26,20,11,55,O3,SC,NORTE,,,,
12/08/2014,34,50,27,13,12,50,O3,SC,NORTE,,,,
13/08/2014,35,52,27,14,16,52,O3,"CB, SC","SUR, NORTE",,,,
14/08/2014,37,39,28,16,15,39,O3,"OX, CB","CENTRO, SUR",,,,
15/08/2014,61,66,26,18,10,66,O3,SC,NORTE,,,,
16/08/2014,35,43,21,12,8,43,O3,SC,NORTE,,,,
17/08/2014,45,51,20,10,9,51,O3,SC,NORTE,,,,
18/08/2014,36,45,26,14,8,45,O3,OX,CENTRO,,,,
19/08/2014,52,44,33,15,11,52,PM10,AP,NORTE,,,,
20/08/2014,69,57,30,17,12,69,PM10,AP,NORTE,,,,
21/08/2014,52,55,29,21,18,55,O3,SC,NORTE,,,,
22/08/2014,59,44,23,18,7,59,PM10,AP,NORTE,,,,
23/08/2014,44,45,22,15,7,45,O3,SC,NORTE,,,,
24/08/2014,29,55,26,13,6,55,O3,SC,NORTE,,,,
25/08/2014,51,58,30,19,14,58,O3,CB,SUR,,,,
26/08/2014,57,77,30,25,10,77,O3,CB,SUR,,,,
27/08/2014,60,63,31,24,14,63,O3,CB,SUR,,,,
28/08/2014,66,69,32,24,15,69,O3,"CB, SC","SUR, NORTE",,,,
29/08/2014,80,72,29,26,15,80,PM10,AP,NORTE,,,,
30/08/2014,57,63,23,20,11,63,O3,SC,NORTE,,,,
31/08/2014,23,65,21,13,8,65,O3,SC,NORTE,,,,
01/09/2014,33,45,28,16,13,45,O3,SC,NORTE,,,,
02/09/2014,33,49,28,21,11,49,O3,SC,NORTE,,,,
03/09/2014,36,29,23,20,14,36,PM10,AP,NORTE,,,,
04/09/2014,33,34,20,16,13,34,O3,SC,NORTE,,,,
05/09/2014,43,73,27,22,9,73,O3,SC,NORTE,,,,
06/09/2014,48,68,25,20,9,68,O3,SC,NORTE,,,,
07/09/2014,30,50,20,13,7,50,O3,SC,NORTE,,,,
08/09/2014,44,41,26,22,9,44,PM10,AP,NORTE,,,,
09/09/2014,43,48,23,23,9,48,O3,SC,NORTE,,,,
10/09/2014,42,43,26,19,14,43,O3,SC,NORTE,,,,
11/09/2014,47,42,24,21,15,47,PM10,AP,NORTE,,,,
12/09/2014,47,37,25,18,9,47,PM10,AP,NORTE,,,,
13/09/2014,56,54,31,23,9,56,PM10,AP,NORTE,,,,
14/09/2014,34,47,16,14,7,47,O3,SC,NORTE,,,,
15/09/2014,33,45,24,21,8,45,O3,SC,NORTE,,,,
16/09/2014,28,35,14,14,11,35,O3,SC,NORTE,,,,
17/09/2014,40,28,17,12,7,40,PM10,SC,NORTE,,,,
18/09/2014,57,31,18,17,11,57,PM10,SC,NORTE,,,,
19/09/2014,67,60,41,25,19,67,PM10,AP,NORTE,,,,
20/09/2014,61,46,33,26,12,61,PM10,AP,NORTE,,,,
21/09/2014,37,62,21,19,9,62,O3,SC,NORTE,,,,
22/09/2014,48,44,24,27,11,48,PM10,AP,NORTE,,,,
23/09/2014,47,45,21,19,12,47,PM10,AP,NORTE,,,,
24/09/2014,47,54,24,18,10,54,O3,SC,NORTE,,,,
25/09/2014,45,54,27,20,12,54,O3,SC,NORTE,,,,
26/09/2014,53,46,30,20,9,53,PM10,AP,NORTE,,,,
27/09/2014,55,53,23,21,9,55,PM10,AP,NORTE,,,,
28/09/2014,37,39,19,16,16,39,O3,SC,NORTE,,,,
29/09/2014,41,45,21,19,7,45,O3,CB,SUR,,,,
30/09/2014,40,31,22,17,18,40,PM10,AP,NORTE,,,,
01/10/2014,51,35,21,18,11,51,PM10,AP,NORTE,,,,
02/10/2014,43,34,17,17,11,43,PM10,AP,NORTE,,,,
03/10/2014,35,38,32,22,7,38,O3,CB,SUR,,,,
04/10/2014,40,50,22,21,7,50,O3,SC,NORTE,,,,
05/10/2014,38,36,20,18,6,38,PM10,AP,NORTE,,,,
06/10/2014,67,35,24,22,7,67,PM10,AP,NORTE,,,,
07/10/2014,51,55,21,21,7,55,O3,SM,SUR,,,,
08/10/2014,64,71,28,22,12,71,O3,SC,NORTE,,,,
09/10/2014,51,55,25,19,9,55,O3,SC,NORTE,,,,
10/10/2014,58,56,33,20,9,58,PM10,AP,NORTE,,,,
11/10/2014,66,63,29,23,9,66,PM10,AP,NORTE,,,,
12/10/2014,48,54,22,17,7,54,O3,SC,NORTE,,,,
13/10/2014,78,68,34,29,8,78,PM10,AP,NORTE,,,,
14/10/2014,65,43,26,26,9,65,PM10,AP,NORTE,,,,
15/10/2014,65,59,28,24,12,65,PM10,AP,NORTE,,,,
16/10/2014,80,53,31,29,18,80,PM10,AP,NORTE,,,,
17/10/2014,59,64,22,21,10,64,O3,SC,NORTE,,,,
18/10/2014,58,21,24,22,9,58,PM10,AP,NORTE,,,,
19/10/2014,44,24,18,20,8,44,PM10,AP,NORTE,,,,
20/10/2014,97,28,24,24,11,97,PM10,AP,NORTE,,,,
21/10/2014,72,31,21,21,7,72,PM10,AP,NORTE,,,,
22/10/2014,87,36,24,24,9,87,PM10,SC,NORTE,,,,
23/10/2014,79,38,23,26,9,79,PM10,AP,NORTE,,,,
24/10/2014,89,36,21,23,9,89,PM10,SC,NORTE,,,,
25/10/2014,95,46,28,23,9,95,PM10,AP,NORTE,,,,
26/10/2014,75,67,30,15,14,75,PM10,SC,NORTE,,,,
27/10/2014,106,92,36,22,12,106,PM10,AP,NORTE,,,,
28/10/2014,106,96,42,20,10,106,PM10,SC,NORTE,,,,
29/10/2014,114,47,39,24,14,114,PM10,SC,NORTE,,,,
30/10/2014,107,43,42,25,15,107,PM10,SC,NORTE,,,,
31/10/2014,102,41,26,25,8,102,PM10,AP,NORTE,,,,
01/11/2014,76,37,27,20,7,76,PM10,SC,NORTE,,,,
02/11/2014,70,47,21,11,7,70,PM10,AP,NORTE,,,,
03/11/2014,107,73,36,22,9,107,PM10,AP,NORTE,,,,
04/11/2014,111,26,33,24,7,111,PM10,SC,NORTE,,,,
05/11/2014,104,28,28,21,7,104,PM10,AP,NORTE,,,,
06/11/2014,102,45,30,19,8,102,PM10,AP,NORTE,,,,
07/11/2014,107,45,38,22,8,107,PM10,AP,NORTE,,,,
08/11/2014,95,25,25,22,8,95,PM10,AP,NORTE,,,,
09/11/2014,73,34,18,17,13,73,PM10,AP,NORTE,,,,
10/11/2014,107,28,25,20,8,107,PM10,MT,SUR,,,,
11/11/2014,80,24,23,18,7,80,PM10,CB,SUR,,,,
12/11/2014,73,19,20,23,6,73,PM10,AP,NORTE,,,,
13/11/2014,109,36,33,24,9,109,PM10,MT,SUR,,,,
14/11/2014,102,34,31,19,8,102,PM10,MT,SUR,,,,
15/11/2014,83,34,26,20,7,83,PM10,AP,NORTE,,,,
16/11/2014,75,41,21,19,5,75,PM10,MT,SUR,,,,
17/11/2014,68,31,25,16,5,68,PM10,SC,NORTE,,,,
18/11/2014,102,22,26,29,7,102,PM10,AP,NORTE,,,,
19/11/2014,105,34,39,28,10,105,PM10,AP,NORTE,,,,
20/11/2014,79,29,26,22,7,79,PM10,"AP, SC",NORTE,,,,
21/11/2014,90,26,28,24,7,90,PM10,AP,NORTE,,,,
22/11/2014,99,29,30,25,7,99,PM10,AP,NORTE,,,,
23/11/2014,61,61,20,17,6,61,"PM10, O3","AP, SC",NORTE,,,,
24/11/2014,104,38,37,27,8,104,PM10,AP,NORTE,,,,
25/11/2014,113,29,26,26,7,113,PM10,AP,NORTE,,,,
26/11/2014,103,43,32,25,7,103,PM10,SC,NORTE,,,,
27/11/2014,116,41,40,30,11,116,PM10,AP,NORTE,,,,
28/11/2014,106,31,36,20,9,106,PM10,AP,NORTE,,,,
29/11/2014,109,44,36,28,10,109,PM10,AP,NORTE,,,,
30/11/2014,106,39,38,27,7,106,PM10,AP,NORTE,,,,
01/12/2014,111,51,55,28,8,111,PM10,AP,NORTE,,,,
02/12/2014,110,49,40,23,8,110,PM10,AP,NORTE,,,,
03/12/2014,107,63,51,21,7,107,PM10,AP,NORTE,,,,
04/12/2014,116,104,53,27,10,116,PM10,AP,NORTE,,,,
05/12/2014,133,116,59,32,11,133,PM10,SC,NORTE,,,,
06/12/2014,130,44,55,30,11,130,PM10,SC,NORTE,,,,
07/12/2014,81,44,38,16,7,81,PM10,SC,NORTE,,,,
08/12/2014,101,43,39,23,8,101,PM10,SC,NORTE,,,,
09/12/2014,104,48,38,25,8,104,PM10,SC,NORTE,,,,
10/12/2014,110,57,47,23,8,110,PM10,SC,NORTE,,,,
11/12/2014,113,41,38,24,10,113,PM10,"AP, SC",NORTE,,,,
12/12/2014,116,42,39,20,9,116,PM10,SM,SUR,,,,
13/12/2014,103,31,34,19,6,103,PM10,SC,NORTE,,,,
14/12/2014,104,29,30,18,6,104,PM10,SC,NORTE,,,,
15/12/2014,108,39,38,21,8,108,PM10,SC,NORTE,,,,
16/12/2014,121,30,35,27,8,121,PM10,SC,NORTE,,,,
17/12/2014,125,34,30,29,8,125,PM10,SC,NORTE,,,,
18/12/2014,125,41,39,29,9,125,PM10,SC,NORTE,,,,
19/12/2014,118,40,36,28,9,118,PM10,SC,NORTE,,,,
20/12/2014,123,29,39,28,8,123,PM10,SC,NORTE,,,,
21/12/2014,119,33,26,27,10,119,PM10,SC,NORTE,,,,
22/12/2014,122,27,37,25,9,122,PM10,SC,NORTE,,,,
23/12/2014,118,19,33,21,8,118,PM10,SC,NORTE,,,,
24/12/2014,42,15,28,26,7,42,PM10,SC,NORTE,,,,
25/12/2014,77,23,19,18,6,77,PM10,SC,NORTE,,,,
26/12/2014,105,19,27,22,7,105,PM10,SC,NORTE,,,,
27/12/2014,103,23,29,26,7,103,PM10,SC,NORTE,,,,
28/12/2014,86,44,28,19,7,86,PM10,SC,NORTE,,,,
29/12/2014,105,34,38,28,8,105,PM10,SC,NORTE,,,,
30/12/2014,118,41,37,26,8,118,PM10,SC,NORTE,,,,
31/12/2014,134,106,56,30,9,134,PM10,SC,NORTE,,,,
01/01/2015,126,31,28,30,7,126,PM10,SC,NORTE,,,,
02/01/2015,113,30,27,26,8,113,PM10,SC,NORTE,,,,
03/01/2015,103,24,29,26,9,103,PM10,SC,NORTE,,,,
04/01/2015,108,40,31,25,8,108,PM10,SC,NORTE,,,,
05/01/2015,74,21,33,23,9,74,PM10,SC,NORTE,,,,
06/01/2015,104,28,32,23,9,104,PM10,SC,NORTE,,,,
07/01/2015,77,36,27,28,9,77,PM10,SC,NORTE,,,,
08/01/2015,69,32,28,17,6,69,PM10,SC,NORTE,,,,
09/01/2015,105,37,43,27,8,105,PM10,SC,NORTE,,,,
10/01/2015,110,30,32,22,6,110,PM10,SC,NORTE,,,,
11/01/2015,111,46,29,34,6,111,PM10,SC,NORTE,,,,
12/01/2015,117,49,41,34,8,117,PM10,SC,NORTE,,,,
13/01/2015,126,49,43,31,9,126,PM10,SC,NORTE,,,,
14/01/2015,120,51,40,31,8,120,PM10,SC,NORTE,,,,
15/01/2015,117,44,37,31,8,117,PM10,SC,NORTE,,,,
16/01/2015,116,43,40,25,8,116,PM10,SC,NORTE,,,,
17/01/2015,116,84,39,23,8,116,PM10,SC,NORTE,,,,
18/01/2015,117,102,40,23,9,117,PM10,SC,NORTE,,,,
19/01/2015,116,47,40,27,9,116,PM10,SC,NORTE,,,,
20/01/2015,120,84,55,29,9,120,PM10,SC,NORTE,,,,
21/01/2015,120,50,34,27,9,120,PM10,SC,NORTE,,,,
22/01/2015,115,38,35,28,8,115,PM10,SC,NORTE,,,,
23/01/2015,129,43,36,23,9,129,PM10,SC,NORTE,,,,
24/01/2015,113,30,35,22,9,113,PM10,SC,NORTE,,,,
25/01/2015,104,44,25,17,8,104,PM10,SC,NORTE,,,,
26/01/2015,109,46,33,24,12,109,PM10,SC,NORTE,,,,
27/01/2015,115,45,43,21,12,115,PM10,SC,NORTE,,,,
28/01/2015,117,40,40,27,13,117,PM10,SC,NORTE,,,,
29/01/2015,107,41,31,26,13,107,PM10,SC,NORTE,,,,
30/01/2015,117,84,38,25,13,117,PM10,SC,NORTE,,,,
31/01/2015,115,47,37,21,12,115,PM10,SC,NORTE,,,,
01/02/2015,113,31,26,21,10,113,PM10,SC,NORTE,,,,
02/02/2015,121,29,24,24,12,121,PM10,SC,NORTE,,,,
03/02/2015,73,21,23,19,9,73,PM10,AP,NORTE,,,,
04/02/2015,101,38,28,29,12,101,PM10,SC,NORTE,,,,
05/02/2015,108,69,36,23,14,108,PM10,SC,NORTE,,,,
06/02/2015,112,65,46,19,16,112,PM10,SC,NORTE,,,,
07/02/2015,107,46,39,21,13,107,PM10,SC,NORTE,,,,
08/02/2015,112,50,37,22,14,112,PM10,SC,NORTE,,,,
09/02/2015,114,45,36,24,14,114,PM10,SC,NORTE,,,,
10/02/2015,108,73,48,19,16,108,PM10,SC,NORTE,,,,
11/02/2015,89,80,49,23,13,89,PM10,SC,NORTE,,,,
12/02/2015,51,37,28,15,8,51,PM10,SC,NORTE,,,,
13/02/2015,88,31,34,25,7,88,PM10,AP,NORTE,,,,
14/02/2015,110,33,38,27,9,110,PM10,AP,NORTE,,,,
15/02/2015,91,40,31,22,6,91,PM10,MT,SUR,,,,
16/02/2015,75,31,26,23,6,75,PM10,SC,NORTE,,,,
17/02/2015,85,34,28,25,7,85,PM10,SC,NORTE,,,,
18/02/2015,109,50,33,29,7,109,PM10,SM,SUR,,,,
19/02/2015,106,47,43,26,7,106,PM10,SC,NORTE,,,,
20/02/2015,105,36,38,24,7,105,PM10,SC,NORTE,,,,
21/02/2015,98,57,37,21,6,98,PM10,SC,NORTE,,,,
22/02/2015,106,78,34,19,7,106,PM10,SC,NORTE,,,,
23/02/2015,113,65,45,32,10,113,PM10,SC,NORTE,,,,
24/02/2015,115,61,54,28,8,115,PM10,SC,NORTE,,,,
25/02/2015,109,69,31,26,8,109,PM10,"SM, SC","SUR, NOTE",,,,
26/02/2015,111,69,34,23,8,111,PM10,SC,NORTE,,,,
27/02/2015,115,34,33,22,6,115,PM10,SC,NORTE,,,,
28/02/2015,115,39,30,26,6,115,PM10,SC,NORTE,,,,
01/03/2015,113,109,31,21,6,113,PM10,SC,NORTE,,,,
02/03/2015,120,63,39,26,8,120,PM10,SC,NORTE,,,,
03/03/2015,112,103,38,26,8,112,PM10,SC,NORTE,,,,
04/03/2015,112,105,36,28,8,112,PM10,SC,NORTE,,,,
05/03/2015,112,96,32,23,8,112,PM10,SC,NORTE,,,,
06/03/2015,117,88,33,30,8,117,PM10,SC,NORTE,,,,
07/03/2015,105,57,33,26,6,105,PM10,SC,NORTE,,,,
08/03/2015,103,46,24,21,7,103,PM10,SC,NORTE,,,,
09/03/2015,109,67,38,28,9,109,PM10,SC,NORTE,,,,
10/03/2015,97,29,27,25,6,97,PM10,SM,SUR,,,,
11/03/2015,50,30,28,24,7,50,PM10,AP,NORTE,,,,
12/03/2015,50,26,20,16,6,50,PM10,OX,CENTRO,,,,
13/03/2015,80,29,30,21,7,80,PM10,SC,NORTE,,,,
14/03/2015,37,24,19,18,7,37,PM10,SC,NORTE,,,,
15/03/2015,31,20,18,15,7,31,PM10,SC,NORTE,,,,
16/03/2015,42,29,20,14,7,42,PM10,SC,NORTE,,,,
17/03/2015,64,30,22,18,7,64,PM10,SC,NORTE,,,,
18/03/2015,93,33,26,23,7,93,PM10,AP,NORTE,,,,
19/03/2015,94,40,29,30,8,94,PM10,AP,NORTE,,,,
20/03/2015,101,36,28,29,9,101,PM10,AP,NORTE,,,,
21/03/2015,95,37,27,31,8,95,PM10,SC,NORTE,,,,
22/03/2015,80,51,23,23,8,80,PM10,SC,NORTE,,,,
23/03/2015,96,34,24,25,9,96,PM10,SC,NORTE,,,,
24/03/2015,77,55,29,24,7,77,PM10,AP,NORTE,,,,
25/03/2015,83,55,27,29,7,83,PM10,AP,NORTE,,,,
26/03/2015,103,44,28,28,10,103,PM10,AP,NORTE,,,,
27/03/2015,104,43,32,31,7,104,PM10,AP,NORTE,,,,
28/03/2015,75,36,24,26,7,75,PM10,AP,NORTE,,,,
29/03/2015,41,39,25,20,5,41,PM10,SC,NORTE,,,,
30/03/2015,97,53,31,28,6,97,PM10,AP,NORTE,,,,
31/03/2015,93,76,35,29,6,93,PM10,AP,NORTE,,,,
01/04/2015,108,104,28,33,6,108,PM10,SC,NORTE,,,,
02/04/2015,109,104,28,29,5,109,PM10,SC,NORTE,,,,
03/04/2015,96,100,23,23,5,100,O3,MT,SUR,,,,
04/04/2015,77,100,22,24,5,100,O3,MT,SUR,,,,
05/04/2015,85,86,23,22,5,86,O3,MT,SUR,,,,
06/04/2015,102,50,31,32,6,102,PM10,SC,NORTE,,,,
07/04/2015,106,78,38,35,8,106,PM10,AP,NORTE,,,,
08/04/2015,110,123,32,32,9,123,O3,SC,NORTE,,,,
09/04/2015,107,106,34,33,6,107,PM10,AP,NORTE,,,,
10/04/2015,104,103,38,34,11,104,PM10,AP,NORTE,,,,
11/04/2015,99,69,32,28,6,99,PM10,SC,NORTE,,,,
12/04/2015,103,84,29,26,6,103,PM10,SC,NORTE,,,,
13/04/2015,106,49,34,28,6,106,PM10,SC,NORTE,,,,
14/04/2015,108,37,28,30,6,108,PM10,SC,NORTE,,,,
15/04/2015,114,44,37,33,6,114,PM10,SC,NORTE,,,,
16/04/2015,110,65,39,33,6,110,PM10,SC,NORTE,,,,
17/04/2015,115,107,49,36,7,115,PM10,SC,NORTE,,,,
18/04/2015,115,84,48,29,7,115,PM10,SC,NORTE,,,,
19/04/2015,105,61,30,26,7,105,PM10,SC,NORTE,,,,
20/04/2015,111,92,36,32,7,111,PM10,SC,NORTE,,,,
21/04/2015,114,44,35,30,7,114,PM10,SC,NORTE,,,,
22/04/2015,111,96,42,32,8,111,PM10,SC,NORTE,,,,
23/04/2015,117,76,31,37,9,117,PM10,SC,NORTE,,,,
24/04/2015,111,37,34,34,5,111,PM10,SC,NORTE,,,,
25/04/2015,107,49,33,23,5,107,PM10,SC,NORTE,,,,
26/04/2015,113,88,34,21,6,113,PM10,SC,NORTE,,,,
27/04/2015,110,53,48,28,7,110,PM10,SC,NORTE,,,,
28/04/2015,110,44,47,22,6,110,PM10,SC,NORTE,,,,
29/04/2015,99,36,29,18,5,99,PM10,SC,NORTE,,,,
30/04/2015,73,36,37,21,5,73,PM10,SC,NORTE,,,,
01/05/2015,91,41,33,22,5,91,PM10,SC,NORTE,,,,
02/05/2015,102,40,37,18,6,102,PM10,SC,NORTE,,,,
03/05/2015,104,49,27,18,5,104,PM10,SC,NORTE,,,,
04/05/2015,107,53,41,25,5,107,PM10,SC,NORTE,,,,
05/05/2015,103,90,45,24,5,103,PM10,SC,NORTE,,,,
06/05/2015,101,69,47,24,5,101,PM10,SC,NORTE,,,,
07/05/2015,79,47,47,26,5,79,PM10,SC,NORTE,,,,
08/05/2015,71,53,49,23,5,71,PM10,SC,NORTE,,,,
09/05/2015,68,57,43,23,6,68,PM10,SC,NORTE,,,,
10/05/2015,83,50,40,20,11,83,PM10,SM,SUR,,,,
11/05/2015,84,69,56,26,6,84,PM10,"AP, SC",NORTE,,,,
12/05/2015,66,42,41,21,5,66,PM10,AP,NORTE,,,,
13/05/2015,70,46,40,26,6,70,PM10,AP,NORTE,,,,
14/05/2015,71,44,37,30,6,71,PM10,AP,NORTE,,,,
15/05/2015,87,49,40,30,6,87,PM10,AP,NORTE,,,,
16/05/2015,95,49,35,27,6,95,PM10,SC,NORTE,,,,
17/05/2015,65,37,34,22,5,65,PM10,SM,SUR,,,,
18/05/2015,90,47,43,34,8,90,PM10,AP,NORTE,,,,
19/05/2015,92,55,37,28,6,92,PM10,AP,NORTE,,,,
20/05/2015,84,36,36,30,7,84,PM10,AP,NORTE,,,,
21/05/2015,91,73,46,29,6,91,PM10,AP,NORTE,,,,
22/05/2015,52,40,36,26,6,52,PM10,"AP, SC",NORTE,,,,
23/05/2015,73,53,35,23,5,73,PM10,AP,NORTE,,,,
24/05/2015,66,39,35,24,10,66,PM10,SC,NORTE,,,,
25/05/2015,65,44,50,28,15,65,PM10,AP,NORTE,,,,
26/05/2015,101,46,43,35,6,101,PM10,AP,NORTE,,,,
27/05/2015,91,51,39,30,6,91,PM10,SC,NORTE,,,,
28/05/2015,82,39,43,29,10,82,PM10,AP,NORTE,,,,
29/05/2015,99,38,40,27,7,99,PM10,AP,NORTE,,,,
30/05/2015,89,43,36,25,12,89,PM10,AP,NORTE,,,,
31/05/2015,53,41,26,21,13,53,PM10,SC,NORTE,,,,
01/06/2015,83,50,33,33,9,83,PM10,AP,NORTE,,,,
02/06/2015,94,49,40,23,8,94,PM10,AP,NORTE,,,,
03/06/2015,76,44,36,24,6,76,PM10,AP,NORTE,,,,
04/06/2015,99,69,37,24,7,99,PM10,AP,NORTE,,,,
05/06/2015,66,34,29,22,5,66,PM10,AP,NORTE,,,,
06/06/2015,53,49,29,22,5,53,PM10,SC,NORTE,,,,
07/06/2015,47,32,28,18,5,47,PM10,SC,NORTE,,,,
08/06/2015,90,98,42,29,11,98,O3,MT,SUR,,,,
09/06/2015,104,71,36,27,9,104,PM10,AP,NORTE,,,,
10/06/2015,106,61,41,25,8,106,PM10,AP,NORTE,,,,
11/06/2015,108,100,41,26,10,108,PM10,AP,NORTE,,,,
12/06/2015,99,104,33,24,7,104,O3,SC,NORTE,,,,
13/06/2015,69,43,25,18,6,69,PM10,SC,NORTE,,,,
14/06/2015,33,25,19,14,6,33,PM10,SC,NORTE,,,,
15/06/2015,47,25,19,14,6,47,PM10,SC,NORTE,,,,
16/06/2015,57,37,24,17,6,57,PM10,SC,NORTE,,,,
17/06/2015,86,42,28,27,6,86,PM10,AP,NORTE,,,,
18/06/2015,83,31,32,26,15,83,PM10,AP,NORTE,,,,
19/06/2015,74,30,28,26,7,74,PM10,AP,NORTE,,,,
20/06/2015,57,39,26,20,6,57,PM10,SC,NORTE,,,,
21/06/2015,66,28,22,15,6,66,PM10,SC,NORTE,,,,
22/06/2015,76,82,40,26,7,82,O3,MT,NORTE,,,,
23/06/2015,103,115,34,22,6,115,O3,MT,SUR,,,,
24/06/2015,107,55,30,24,7,107,PM10,SC,NORTE,,,,
25/06/2015,77,41,39,27,11,77,PM10,SC,NORTE,,,,
26/06/2015,93,43,31,26,9,93,PM10,SC,NORTE,,,,
27/06/2015,102,49,31,23,8,102,PM10,AP,NORTE,,,,
28/06/2015,75,40,28,21,6,75,PM10,SC,NORTE,,,,
29/06/2015,77,40,35,23,9,77,PM10,AP,NORTE,,,,
30/06/2015,57,36,24,19,6,57,PM10,AP,NORTE,,,,
01/07/2015,51,36,29,24,12,51,PM10,AP,NORTE,,,,
02/07/2015,83,39,30,28,11,83,PM10,AP,NORTE,,,,
03/07/2015,80,31,23,24,8,80,PM10,SC,NORTE,,,,
04/07/2015,72,31,22,19,9,72,PM10,SC,NORTE,,,,
05/07/2015,54,44,24,19,9,54,PM10,SC,NORTE,,,,
06/07/2015,69,59,36,28,13,69,PM10,SC,NORTE,,,,
07/07/2015,99,100,50,28,13,100,O3,MT,SUR,,,,
08/07/2015,96,46,32,27,7,96,PM10,AP,NORTE,,,,
09/07/2015,83,44,39,31,10,83,PM10,AP,NORTE,,,,
10/07/2015,79,38,35,26,8,79,PM10,AP,NORTE,,,,
11/07/2015,87,41,22,19,7,87,PM10,SC,NORTE,,,,
12/07/2015,72,27,16,14,5,72,PM10,SC,NORTE,,,,
13/07/2015,105,41,25,20,8,105,PM10,SC,NORTE,,,,
14/07/2015,103,107,44,24,6,107,O3,MT,SUR,,,,
15/07/2015,85,92,33,12,7,92,O3,MT,SUR,,,,
16/07/2015,69,42,38,13,6,69,PM10,AP,NORTE,,,,
17/07/2015,88,59,44,15,6,88,PM10,AP,NORTE,,,,
18/07/2015,89,48,31,17,6,89,PM10,SC,NORTE,,,,
19/07/2015,41,33,21,9,6,41,PM10,SC,NORTE,,,,
20/07/2015,73,71,33,12,8,73,PM10,SC,NORTE,,,,
21/07/2015,101,80,40,13,9,101,PM10,AP,NORTE,,,,
22/07/2015,59,34,27,11,7,59,PM10,SC,NORTE,,,,
23/07/2015,73,46,33,12,7,73,PM10,AP,NORTE,,,,
24/07/2015,68,41,30,27,12,68,PM10,AP,NORTE,,,,
25/07/2015,66,49,30,25,7,66,PM10,SC,NORTE,,,,
26/07/2015,54,71,29,13,7,71,O3,MT,SUR,,,,
27/07/2015,90,67,35,20,7,90,PM10,SC,NORTE,,,,
28/07/2015,72,116,40,17,7,116,O3,MT,SUR,,,,
29/07/2015,100,110,36,19,8,110,O3,MT,SUR,,,,
30/07/2015,91,50,27,22,15,91,PM10,AP,NORTE,,,,
31/07/2015,101,65,32,18,8,101,PM10,SC,NORTE,,,,
01/08/2015,83,57,30,15,6,87,PM2.5,SC,NORTE,,,,
02/08/2015,56,51,27,11,8,86,PM2.5,CB,SUR,,,,
03/08/2015,69,57,37,18,8,89,PM2.5,SC,NORTE,,,,
04/08/2015,84,80,39,22,10,90,PM2.5,SC,NORTE,,,,
05/08/2015,50,40,35,14,10,78,PM2.5,SC,NORTE,,,,
06/08/2015,64,65,31,15,8,79,PM2.5,SC,NORTE,,,,
07/08/2015,70,57,36,16,8,87,PM2.5,SC,NORTE,,,,
08/08/2015,104,71,40,21,9,111,PM2.5,SC,NORTE,,,,
09/08/2015,66,45,30,16,9,77,PM2.5,SC,NORTE,,,,
10/08/2015,88,59,36,20,7,88,PM2.5,SC,NORTE,,,,
11/08/2015,80,55,29,18,7,81,PM2.5,SC,NORTE,,,,
12/08/2015,72,42,29,16,6,75,PM2.5,CB,SUR,,,,
13/08/2015,52,34,24,17,8,75,PM2.5,CB,SUR,,,,
14/08/2015,66,38,27,20,7,74,PM2.5,CB,SUR,,,,
15/08/2015,82,65,30,16,7,82,PM10,SC,NORTE,,,,
16/08/2015,60,48,25,9,9,81,PM2.5,CB,SUR,,,,
17/08/2015,56,42,32,16,8,81,PM2.5,CB,SUR,,,,
18/08/2015,87,36,27,17,6,94,PM2.5,SC,NORTE,,,,
19/08/2015,96,29,26,22,9,96,PM10,AP,NORTE,,,,
20/08/2015,104,73,50,21,11,113,PM2.5,SM,SUR,,,,
21/08/2015,67,48,37,20,9,82,PM2.5,SC,NORTE,,,,
22/08/2015,77,36,28,19,13,87,PM2.5,"AP, SC",NORTE,,,,
23/08/2015,54,36,29,13,12,83,PM2.5,CB,SUR,,,,
24/08/2015,83,63,36,22,19,93,PM2.5,CB,SUR,,,,
25/08/2015,74,42,27,21,14,78,PM2.5,CB,SUR,,,,
26/08/2015,69,39,27,15,7,74,PM2.5,CB,SUR,,,,
27/08/2015,72,49,30,21,12,82,PM2.5,SC,NORTE,,,,
28/08/2015,92,42,31,17,18,92,PM10,SC,NORTE,,,,
29/08/2015,101,48,30,18,15,101,PM10,SC,NORTE,,,,
30/08/2015,57,48,29,13,10,74,PM2.5,SC,NORTE,,,,
31/08/2015,67,35,37,20,14,81,PM2.5,AP,NORTE,,,,
01/09/2015,104,51,34,19,12,104,PM10,SC,NORTE,,,,
02/09/2015,79,59,33,18,11,85,PM2.5,SC,NORTE,,,,
03/09/2015,68,55,33,23,12,85,PM2.5,CB,SUR,,,,
04/09/2015,100,31,35,19,11,100,PM10,SC,NORTE,,,,
05/09/2015,71,39,28,18,10,79,PM2.5,"CB, SC","SUR, NORTE",,,,
06/09/2015,68,36,21,12,7,70,PM2.5,SC,NORTE,,,,
07/09/2015,86,47,27,15,8,86,PM10,SC,NORTE,,,,
08/09/2015,105,84,29,12,9,105,PM10,SC,NORTE,,,,
09/09/2015,109,53,30,16,8,109,PM10,SC,NORTE,,,,
10/09/2015,92,43,30,11,19,92,PM10,SC,NORTE,,,,
11/09/2015,104,34,28,21,7,104,PM10,SC,NORTE,,,,
12/09/2015,112,37,34,14,11,112,PM10,SC,NORTE,,,,
13/09/2015,105,34,21,11,8,105,PM10,SC,NORTE,,,,
14/09/2015,76,33,23,16,9,85,PM2.5,CB,SUR,,,,
15/09/2015,90,48,26,13,9,90,PM10,SC,NORTE,,,,
16/09/2015,62,40,21,11,8,72,PM2.5,"CB, SC","SUR, NORTE",,,,
17/09/2015,51,46,22,15,9,71,PM2.5,CB,SUR,,,,
18/09/2015,69,57,32,17,21,81,PM2.5,CB,SUR,,,,
19/09/2015,57,43,28,14,13,88,PM2.5,CB,SUR,,,,
20/09/2015,58,39,27,13,17,90,PM2.5,CB,SUR,,,,
21/09/2015,85,46,32,16,16,102,PM2.5,SM,,,,,
22/09/2015,105,46,28,16,22,105,PM10,SC,NORTE,,,,
23/09/2015,107,108,27,15,33,108,O3,SC,NORTE,,,,
24/09/2015,105,44,27,15,16,105,PM10,SC,NORTE,,,,
25/09/2015,91,38,28,16,10,91,PM10,SC,NORTE,,,,
26/09/2015,94,24,25,16,12,94,PM10,SC,NORTE,,,,
27/09/2015,72,44,26,11,7,76,PM2.5,SC,NORTE,,,,
28/09/2015,47,25,27,15,7,72,PM2.5,SC,NORTE,,,,
29/09/2015,59,31,31,15,9,70,PM2.5,SC,NORTE,,,,
30/09/2015,85,37,31,13,8,85,PM10,CB,SUR,,,,
01/10/2015,79,35,23,11,11,81,PM2.5,SC,NORTE,,,,
02/10/2015,99,53,36,17,34,99,PM10,MT,SUR,,,,
03/10/2015,104,82,37,14,15,104,PM10,"CB, SC","SUR, NORTE",,,,
04/10/2015,101,92,30,14,7,104,PM2.5,SC,NORTE,,,,
05/10/2015,105,71,32,20,8,105,PM10,CB,SUR,,,,
06/10/2015,101,53,34,16,8,102,PM2.5,SM,SUR,,,,
07/10/2015,111,63,53,22,9,111,PM10,SC,NORTE,,,,
08/10/2015,109,82,44,19,8,109,PM10,SC,NORTE,,,,
09/10/2015,99,46,44,20,8,102,PM2.5,SC,NORTE,,,,
10/10/2015,80,50,38,12,17,82,PM2.5,SC,NORTE,,,,
11/10/2015,78,49,34,10,12,88,PM2.5,SC,NORTE,,,,
12/10/2015,107,32,35,15,13,107,PM10,MT,SUR,,,,
13/10/2015,103,42,47,22,17,103,PM10,SC,NORTE,,,,
14/10/2015,84,34,37,15,26,84,PM10,SC,NORTE,,,,
15/10/2015,65,36,31,13,29,79,PM2.5,SC,NORTE,,,,
16/10/2015,100,44,42,14,33,100,PM10,SM,SUR,,,,
17/10/2015,56,27,32,10,17,66,PM2.5,SC,NORTE,,,,
18/10/2015,48,32,37,8,15,73,PM2.5,SC,NORTE,,,,
19/10/2015,67,42,50,13,12,80,PM2.5,SC,NORTE,,,,
20/10/2015,101,44,86,24,17,101,PM10,SC,NORTE,,,,
21/10/2015,106,41,54,20,14,106,PM10,SC,NORTE,,,,
22/10/2015,52,33,42,14,10,70,PM2.5,SC,NORTE,,,,
23/10/2015,38,17,29,12,10,59,PM2.5,SC,NORTE,,,,
24/10/2015,48,24,30,10,10,69,PM2.5,SC,NORTE,,,,
25/10/2015,49,36,32,12,19,80,PM2.5,SC,NORTE,,,,
26/10/2015,54,21,35,17,22,78,PM2.5,SC,NORTE,,,,
27/10/2015,70,42,38,21,10,92,PM2.5,SC,NORTE,,,,
28/10/2015,59,24,31,24,10,89,PM2.5,SM,SUR,,,,
29/10/2015,66,34,48,18,9,79,PM2.5,SC,NORTE,,,,
30/10/2015,46,23,26,16,8,65,PM2.5,SM,SUR,,,,
31/10/2015,39,17,26,16,8,69,PM2.5,SC,NORTE,,,,
01/11/2015,59,39,33,16,11,85,PM2.5,SC,NORTE,,,,
02/11/2015,83,22,30,16,9,95,PM2.5,SC,NORTE,,,,
03/11/2015,82,30,30,16,9,82,PM10,SC,NORTE,,,,
04/11/2015,88,51,40,15,9,90,PM2.5,SC,NORTE,,,,
05/11/2015,79,53,43,18,11,97,PM2.5,SM,SUR,,,,
06/11/2015,100,46,34,16,13,104,PM2.5,SM,SUR,,,,
07/11/2015,91,39,34,14,15,106,PM2.5,SC,NORTE,,,,
08/11/2015,67,28,26,11,12,80,PM2.5,SC,NORTE,,,,
09/11/2015,94,41,34,16,10,94,PM10,SC,NORTE,,,,
10/11/2015,104,42,36,17,11,104,PM10,SC,NORTE,,,,
11/11/2015,109,80,47,17,13,109,PM10,SC,NORTE,,,,
12/11/2015,108,76,37,19,11,108,"PM10, PM2.5",SC,NORTE,,,,
13/11/2015,73,41,32,15,13,81,PM2.5,SC,NORTE,,,,
14/11/2015,59,31,28,12,12,69,PM2.5,SC,NORTE,,,,
15/11/2015,49,39,33,12,13,72,PM2.5,SM,SUR,,,,
16/11/2015,84,46,38,16,10,90,PM2.5,SC,NORTE,,,,
17/11/2015,104,41,40,20,10,104,"PM10, PM2.5",SC,NORTE,,,,
18/11/2015,112,47,51,23,7,113,PM2.5,SC,NORTE,,,,
19/11/2015,115,51,42,20,15,124,PM2.5,SC,NORTE,,,,
20/11/2015,110,61,43,20,15,110,"PM10, PM2.5",SC,NORTE,,,,
21/11/2015,104,44,38,17,14,105,PM2.5,SC,NORTE,,,,
22/11/2015,100,39,31,18,33,100,PM10,SC,NORTE,,,,
23/11/2015,103,38,43,19,10,103,PM10,SC,NORTE,,,,
24/11/2015,102,39,46,18,10,107,PM2.5,SC,NORTE,,,,
25/11/2015,103,41,37,23,11,108,PM2.5,SC,NORTE,,,,
26/11/2015,103,42,35,18,9,106,PM2.5,SC,NORTE,,,,
27/11/2015,100,24,23,15,9,100,PM10,SC,NORTE,,,,
28/11/2015,112,49,50,22,10,129,PM2.5,SC,NORTE,,,,
29/11/2015,104,46,36,18,15,112,PM2.5,SM,SUR,,,,
30/11/2015,124,53,75,25,11,136,PM2.5,SC,NORTE,,,,
01/12/2015,117,49,80,27,12,132,PM2.5,SC,NORTE,,,,
02/12/2015,109,42,59,20,10,116,PM2.5,SC,NORTE,,,,
03/12/2015,97,28,36,12,9,103,PM2.5,SC,NORTE,,,,
04/12/2015,68,29,37,13,9,78,PM2.5,SC,NORTE,,,,
05/12/2015,93,30,40,16,10,103,PM2.5,SM,SUR,,,,
06/12/2015,103,42,41,18,11,110,PM2.5,"SM, SC","SUR, NORTE",,,,
07/12/2015,100,47,45,16,14,105,PM2.5,"SM, SC","SUR, NORTE",,,,
08/12/2015,113,49,52,20,12,124,PM2.5,SC,NORTE,,,,
09/12/2015,107,34,40,21,14,118,PM2.5,SM,SUR,,,,
10/12/2015,113,67,60,20,11,127,PM2.5,SC,NORTE,,,,
11/12/2015,119,49,44,22,11,136,PM2.5,SC,NORTE,,,,
12/12/2015,114,31,36,23,10,132,PM2.5,SC,NORTE,,,,
13/12/2015,90,21,27,18,9,103,PM2.5,SC,NORTE,,,,
14/12/2015,96,31,30,17,9,108,PM2.5,SC,NORTE,,,,
15/12/2015,101,37,55,22,11,108,PM2.5,SC,NORTE,,,,
16/12/2015,113,45,59,24,12,119,PM2.5,SC,NORTE,,,,
17/12/2015,115,44,40,25,11,121,PM2.5,SC,NORTE,,,,
18/12/2015,110,34,40,20,14,114,PM2.5,SC,NORTE,,,,
19/12/2015,106,29,39,17,17,118,PM2.5,SC,NORTE,,,,
20/12/2015,114,37,33,29,10,126,PM2.5,SC,NORTE,,,,
21/12/2015,114,53,48,21,12,130,PM2.5,SC,NORTE,,,,
22/12/2015,119,42,54,22,16,135,PM2.5,SC,NORTE,,,,
23/12/2015,112,25,36,22,11,125,PM2.5,SC,NORTE,,,,
24/12/2015,127,36,41,30,11,156,PM2.5,SC,NORTE,,,,
25/12/2015,151,42,30,63,14,208,PM2.5,SM,SUR,,,,
26/12/2015,116,32,26,19,10,130,PM2.5,SC,NORTE,,,,
27/12/2015,108,26,21,13,14,108,PM10,SC,NORTE,,,,
28/12/2015,108,42,34,20,10,115,PM2.5,SC,NORTE,,,,
29/12/2015,109,31,28,21,19,114,PM2.5,SC,NORTE,,,,
30/12/2015,112,44,30,25,9,121,PM2.5,SC,NORTE,,,,
31/12/2015,130,44,41,28,10,157,PM2.5,SC,NORTE,,,,
01/01/2016,190,57,30,45,14,244,PM2.5,SM,SUR,,,,
02/01/2016,176,28,25,17,10,223,PM2.5,SM,SUR,,,,
03/01/2016,102,29,22,17,9,107,PM2.5,SC,NORTE,,,,
04/01/2016,108,22,22,20,8,108,PM10,SC,NORTE,,,,
05/01/2016,102,26,29,22,8,102,PM10,SC,NORTE,,,,
06/01/2016,107,29,31,20,8,107,PM10,SC,NORTE,,,,
07/01/2016,105,30,23,15,8,105,PM10,SC,NORTE,,,,
08/01/2016,104,28,25,16,9,104,PM10,SC,NORTE,,,,
09/01/2016,113,40,40,25,10,121,PM2.5,SC,NORTE,,,,
10/01/2016,108,24,24,15,11,110,PM2.5,SC,NORTE,,,,
11/01/2016,112,34,39,23,13,112,PM10,SC,NORTE,,,,
12/01/2016,118,29,40,32,13,125,PM2.5,SC,NORTE,,,,
13/01/2016,114,29,28,14,9,120,PM2.5,SC,NORTE,,,,
14/01/2016,41,24,34,15,8,72,PM2.5,SM,SUR,,,,
15/01/2016,97,42,52,27,9,103,PM2.5,SC,NORTE,,,,
16/01/2016,119,33,59,36,14,144,PM2.5,SC,NORTE,,,,
17/01/2016,128,42,63,41,16,169,PM2.5,SC,NORTE,,,,
18/01/2016,118,50,58,28,9,144,PM2.5,SC,NORTE,,,,
19/01/2016,110,50,52,20,14,124,PM2.5,SC,NORTE,,,,
20/01/2016,124,55,51,24,14,141,PM2.5,SC,NORTE,,,,
21/01/2016,121,49,53,25,13,132,PM2.5,SC,NORTE,,,,
22/01/2016,119,94,60,22,12,136,PM2.5,SC,NORTE,,,,
23/01/2016,119,63,55,24,12,130,PM2.5,SM,SUR,,,,
24/01/2016,130,107,53,30,9,157,PM2.5,SC,NORTE,,,,
25/01/2016,126,55,45,25,9,149,PM2.5,SC,NORTE,,,,
26/01/2016,121,24,33,17,10,122,PM22,SC,NORTE,,,,
27/01/2016,124,33,37,25,15,124,PM10,SC,NORTE,,,,
28/01/2016,124,43,38,20,10,124,PM10,SC,NORTE,,,,
29/01/2016,136,47,62,33,16,163,PM2.5,SC,NORTE,,,,
30/01/2016,145,41,45,35,16,179,PM2.5,SC,NORTE,,,,
31/01/2016,120,43,35,18,10,136,PM2.5,SM,SUR,,,,
01/02/2016,117,78,45,21,10,127,PM2.5,SC,NORTE,,,,
02/02/2016,119,42,41,29,17,131,PM2.5,SC,NORTE,,,,
03/02/2016,117,86,42,26,14,123,PM2.5,SC,NORTE,,,,
04/02/2016,122,65,51,29,10,125,PM2.5,SC,NORTE,,,,
05/02/2016,117,78,37,22,24,122,PM2.5,SC,NORTE,,,,
06/02/2016,116,98,36,23,23,125,PM2.5,SM,SUR,,,,
07/02/2016,113,67,39,21,40,122,PM2.5,SC,NORTE,,,,
08/02/2016,122,50,39,26,34,136,PM2.5,SC,NORTE,,,,
09/02/2016,118,49,38,23,17,118,"PM10, PM2.5","SC, SM","NORTE, SUR",,,,
10/02/2016,118,40,39,22,18,122,PM2.5,SM,SUR,,,,
11/02/2016,115,49,49,31,15,124,PM2.5,SM,SUR,,,,
12/02/2016,112,69,52,28,15,115,PM2.5,SM,SUR,,,,
13/02/2016,113,71,35,17,16,115,PM2.5,SM,SUR,,,,
14/02/2016,119,61,32,22,11,121,PM2.5,SM,SUR,,,,
15/02/2016,118,86,42,25,11,118,"PM10, PM2.5",SC,NORTE,,,,
16/02/2016,124,105,46,20,11,124,"PM10, PM2.5",SC,NORTE,,,,
17/02/2016,123,49,37,21,12,123,PM10,SC,NORTE,,,,
18/02/2016,129,86,77,27,11,133,PM2.5,SM,SUR,,,,
19/02/2016,137,104,76,29,12,142,PM2.5,SC,NORTE,,,,
20/02/2016,127,73,49,19,13,131,PM2.5,SC,NORTE,,,,
21/02/2016,117,76,41,24,13,122,PM2.5,SC,NORTE,,,,
22/02/2016,118,104,51,27,11,122,PM2.5,SM,SUR,,,,
23/02/2016,116,48,45,17,12,116,PM10,SC,NORTE,,,,
24/02/2016,129,55,57,21,13,129,PM10,SC,NORTE,,,,
25/02/2016,130,76,46,23,12,130,PM10,SC,NORTE,,,,
26/02/2016,120,47,33,23,10,126,PM2.5,SM,SUR,,,,
27/02/2016,112,46,33,16,11,122,PM2.5,SM,SUR,,,,
28/02/2016,76,36,26,16,14,104,PM2.5,SM,SUR,,,,
29/02/2016,97,46,35,23,14,99,PM2.5,SC,NORTE,,,,
01/03/2016,99,44,37,26,10,110,PM2.5,SM,SUR,,,,
02/03/2016,103,24,26,18,10,107,PM2.5,"SM, SC","SUR, NORTE",,,,
03/03/2016,99,41,31,16,10,99,PM10,SM,SUR,,,,
04/03/2016,99,46,33,15,11,99,PM10,SM,SUR,,,,
05/03/2016,87,49,36,16,13,91,PM2.5,SM,SUR,,,,
06/03/2016,103,53,32,21,12,104,PM2.5,SM,SUR,,,,
07/03/2016,111,40,32,18,11,111,PM10,SM,SUR,,,,
08/03/2016,111,31,32,18,11,111,PM10,SM,SUR,,,,
09/03/2016,101,31,36,17,7,101,PM10,SM,SUR,,,,
10/03/2016,39,46,43,14,7,60,PM2.5,SC,NORTE,,,,
11/03/2016,81,46,47,24,10,82,PM2.5,SC,NORTE,,,,
12/03/2016,102,98,44,26,11,102,"PM10, PM2.5","SM, SC","SUR, NORTE",,,,
13/03/2016,104,101,47,26,11,108,PM2.5,SC,NORTE,,,,
14/03/2016,109,84,50,25,13,110,PM2.5,SC,NORTE,,,,
15/03/2016,108,104,45,24,12,109,PM2.5,SC,NORTE,,,,
16/03/2016,112,116,56,24,13,116,O3,CB,SUR,,,,
17/03/2016,110,53,40,22,13,110,PM10,SM,SUR,,,,
18/03/2016,110,37,39,18,10,110,PM10,SM,SUR,,,,
19/03/2016,114,40,40,22,12,114,PM10,SC,NORTE,,,,
20/03/2016,117,36,35,26,11,117,PM10,SC,NORTE,,,,
21/03/2016,106,29,31,19,11,106,PM10,SC,NORTE,,,,
22/03/2016,107,36,38,25,12,109,PM2.5,SC,NORTE,,,,
23/03/2016,108,36,37,23,11,108,PM10,SC,NORTE,,,,
24/03/2016,107,27,31,20,9,107,PM10,SC,NORTE,,,,
25/03/2016,104,34,28,19,9,104,PM10,SC,NORTE,,,,
26/03/2016,96,35,30,15,11,96,PM10,SC,NORTE,,,,
27/03/2016,101,57,33,20,12,101,PM10,SC,NORTE,,,,
28/03/2016,102,49,36,21,10,102,PM10,SC,NORTE,,,,
29/03/2016,105,45,47,22,10,105,PM10,SC,NORTE,,,,
30/03/2016,108,43,38,23,9,108,PM10,SC,NORTE,,,,
31/03/2016,111,88,41,24,10,111,PM10,SC,NORTE,,,,
01/04/2016,109,34,39,22,9,109,PM10,SC,NORTE,,,,
02/04/2016,117,34,49,26,10,117,PM10,SC,NORTE,,,,
03/04/2016,117,41,30,27,10,117,PM10,SC,NORTE,,,,
04/04/2016,108,73,54,29,10,108,PM10,SC,NORTE,,,,
05/04/2016,110,134,46,23,14,134,O3,CB,SUR,,,,
06/04/2016,114,101,47,20,11,114,PM10,SC,NORTE,,,,
07/04/2016,113,122,48,27,15,122,O3,CB,SUR,,,,
08/04/2016,120,113,58,22,16,120,PM10,SC,NORTE,,,,
09/04/2016,119,107,50,19,12,119,PM10,SC,NORTE,,,,
10/04/2016,113,88,35,15,12,113,"PM10, PM2.5",SC,NORTE,,,,
11/04/2016,120,59,53,24,12,123,PM2.5,SC,NORTE,,,,
12/04/2016,118,48,44,21,13,118,PM10,SC,"SUR, NORTE",,,,
13/04/2016,116,53,50,21,13,116,PM10,SC,NORTE,,,,
14/04/2016,117,82,43,25,10,117,PM10,SC,NORTE,,,,
15/04/2016,119,50,42,26,10,119,PM10,SC,NORTE,,,,
16/04/2016,120,86,55,21,10,120,PM10,SC,NORTE,,,,
17/04/2016,113,101,47,14,10,113,PM10,SC,NORTE,,,,
18/04/2016,114,51,46,16,14,114,PM10,SM,SUR,,,,
19/04/2016,116,78,44,19,13,118,PM2.5,SM,SUR,,,,
20/04/2016,112,41,34,13,11,114,PM2.5,SC,NORTE,,,,
21/04/2016,106,48,37,11,10,107,PM2.5,SC,NORTE,,,,
22/04/2016,81,47,39,13,10,93,PM2.5,OX,CENTRO,,,,
23/04/2016,84,34,35,15,10,97,PM2.5,SC,NORTE,,,,
24/04/2016,102,39,33,20,9,110,PM2.5,SC,NORTE,,,,
25/04/2016,103,44,41,24,9,105,PM2.5,SM,SUR,,,,
26/04/2016,104,38,47,21,11,104,"PM10, PM2.5","SC, SM","NORTE, SUR",,,,
27/04/2016,109,82,39,25,11,109,PM10,SC,NORTE,,,,
28/04/2016,113,104,55,20,12,113,PM10,SM,SUR,,,,
29/04/2016,115,53,40,20,12,115,PM10,SM,SUR,,,,
30/04/2016,122,84,47,26,12,122,PM10,SC,NORTE,,,,
01/05/2016,118,104,50,25,11,123,PM2.5,SC,NORTE,,,,
02/05/2016,126,86,77,26,11,126,PM10,SC,NORTE,,,,
03/05/2016,137,113,43,22,11,158,PM2.5,SC,NORTE,,,,
04/05/2016,132,96,53,21,10,154,PM2.5,"OX, SC","CENTRO, NORTE",,,,
05/05/2016,123,55,33,13,10,144,PM2.5,OX,CENTRO,,,,
06/05/2016,108,96,39,17,10,122,PM2.5,SC,NORTE,,,,
07/05/2016,106,57,36,16,13,123,PM2.5,SC,NORTE,,,,
08/05/2016,100,103,29,14,10,107,PM2.5,SC,NORTE,,,,
09/05/2016,93,71,37,19,11,107,PM2.5,SC,NORTE,,,,
10/05/2016,86,110,40,14,12,110,O3,MT,SUR,,,,
11/05/2016,93,84,50,17,14,110,PM2.5,OX,CENTRO,,,,
12/05/2016,84,96,53,17,14,113,PM2.5,OX,CENTRO,,,,
13/05/2016,74,88,37,18,11,102,PM2.5,SM,SUR,,,,
14/05/2016,96,94,40,14,15,111,PM2.5,"OX, SM","CENTRO, SUR",,,,
15/05/2016,101,57,34,17,16,118,PM2.5,OX,CENTRO,,,,
16/05/2016,77,46,34,18,10,108,PM2.5,"OX, SC","CENTRO, NORTE",,,,
17/05/2016,101,78,48,22,8,107,PM2.5,SC,NORTE,,,,
18/05/2016,100,102,40,23,9,109,PM2.5,SM,SUR,,,,
19/05/2016,103,61,30,22,9,111,PM2.5,SM,SUR,,,,
20/05/2016,106,94,44,31,8,109,PM2.5,SC,NORTE,,,,
21/05/2016,105,122,24,20,8,122,O3,CB,SUR,,,,
22/05/2016,102,88,20,17,7,107,PM2.5,"SM, SC","SUR, NORTE",,,,
23/05/2016,90,107,28,18,7,117,PM2.5,SC,NORTE,,,,
24/05/2016,100,110,33,25,8,110,"PM2.5, O3","SC, CB","NORTE, SUR",,,,
25/05/2016,109,118,35,26,9,118,O3,CB,SUR,,,,
26/05/2016,105,94,27,14,8,106,PM2.5,SC,NORTE,,,,
27/05/2016,88,78,35,18,8,106,PM2.5,SC,NORTE,,,,
28/05/2016,87,98,22,12,8,104,PM2.5,SC,NORTE,,,,
29/05/2016,74,82,20,12,8,99,PM2.5,SM,SUR,,,,
30/05/2016,80,71,23,14,8,104,PM2.5,SM,SUR,,,,
31/05/2016,87,71,28,13,8,105,PM2.5,SC,NORTE,,,,
01/06/2016,76,55,27,14,9,103,PM2.5,SC,NORTE,,,,
02/06/2016,83,69,27,16,10,107,PM2.5,SC,NORTE,,,,
03/06/2016,70,57,27,13,8,91,PM2.5,SM,SUR,,,,
04/06/2016,87,90,32,15,10,110,PM2.5,SM,SUR,,,,
05/06/2016,86,78,22,13,9,107,PM2.5,SM,SUR,,,,
06/06/2016,61,82,28,11,8,88,PM2.5,SC,NORTE,,,,
07/06/2016,80,49,47,13,8,93,PM2.5,SC,NORTE,,,,
08/06/2016,83,84,45,16,8,96,PM2.5,SC,NORTE,,,,
09/06/2016,88,55,29,12,9,103,PM2.5,SC,NORTE,,,,
10/06/2016,104,98,33,17,10,106,PM2.5,SM,SUR,,,,
11/06/2016,101,42,26,13,11,107,PM2.5,SM,SUR,,,,
12/06/2016,51,36,19,12,9,82,PM2.5,CE,CENTRO,,,,
13/06/2016,54,36,28,13,8,82,PM2.5,CE,CENTRO,,,,
14/06/2016,51,34,23,11,8,75,PM2.5,SM,SUR,,,,
15/06/2016,48,24,21,11,8,73,PM2.5,SM,SUR,,,,
16/06/2016,49,34,31,12,8,73,PM2.5,SM,SUR,,,,
17/06/2016,51,48,23,10,9,88,PM2.5,SM,SUR,,,,
18/06/2016,68,76,20,11,9,97,PM2.5,SM,SUR,,,,
19/06/2016,64,45,20,10,8,94,PM2.5,SM,SUR,,,,
20/06/2016,48,35,17,10,11,84,PM2.5,SM,SUR,,,,
21/06/2016,46,31,33,13,11,81,PM2.5,SM,SUR,,,,
22/06/2016,52,49,21,11,9,79,PM2.5,SM,SUR,,,,
23/06/2016,68,46,29,14,10,90,PM2.5,SM,SUR,,,,
24/06/2016,107,67,33,19,12,111,PM2.5,SC,"NORTE, SUR",,,,
25/06/2016,103,40,22,12,10,107,PM2.5,SC,NORTE,,,,
26/06/2016,81,41,21,12,10,103,PM2.5,CE,CENTRO,,,,
27/06/2016,54,44,20,13,10,82,PM2.5,"SM, SC","SUR, NORTE",,,,
28/06/2016,60,73,18,9,8,75,PM2.5,SC,NORTE,,,,
29/06/2016,68,47,32,10,8,78,PM2.5,SC,NORTE,,,,
30/06/2016,65,57,24,12,8,84,PM2.5,SC,NORTE,,,,
01/07/2016,71,46,26,13,9,88,PM2.5,SC,NORTE,,,,
02/07/2016,64,49,16,11,9,87,PM2.5,SC,NORTE,,,,
03/07/2016,71,53,20,11,9,81,PM2.5,SC,NORTE,,,,
04/07/2016,63,55,27,16,10,81,PM2.5,SC,NORTE,,,,
05/07/2016,71,40,28,13,8,79,PM2.5,CE,CENTRO,,,,
06/07/2016,67,46,25,11,8,76,PM2.5,SC,NORTE,,,,
07/07/2016,84,36,26,14,8,88,PM2.5,MT,SUR,,,,
08/07/2016,103,73,23,12,9,103,PM10,SC,NORTE,,,,
09/07/2016,101,76,19,14,8,101,PM10,SC,NORTE,,,,
10/07/2016,86,45,18,12,8,86,PM10,SC,NORTE,,,,
11/07/2016,77,21,16,11,8,77,PM10,SC,NORTE,,,,
12/07/2016,60,24,19,13,8,67,PM2.5,CE,CENTRO,,,,
13/07/2016,91,47,25,16,9,91,PM10,SC,NORTE,,,,
14/07/2016,84,29,22,15,9,84,PM10,SC,NORTE,,,,
15/07/2016,108,57,18,14,8,108,PM10,"CB, SC",NORTE,,,,
16/07/2016,111,63,21,15,8,111,PM10,"CB, SC",NORTE,,,,
17/07/2016,103,46,19,11,9,103,PM10,SC,NORTE,,,,
18/07/2016,58,45,19,11,9,79,PM2.5,SC,NORTE,,,,
19/07/2016,61,41,18,11,7,73,PM2.5,"CE,CB,SC","CENTRO,",,,,
20/07/2016,60,59,18,11,7,67,PM2.5,"CE, CB","CENTRO,",,,,
21/07/2016,55,40,22,11,7,66,PM2.5,"CE, CB","CENTRO,",,,,
22/07/2016,60,69,25,11,8,76,PM2.5,CB,SUR,,,,
23/07/2016,51,33,12,11,8,72,PM2.5,CB,SUR,,,,
24/07/2016,77,46,22,14,8,77,PM10,SC,NORTE,,,,
25/07/2016,76,92,22,15,10,97,PM2.5,MT,SUR,,,,
26/07/2016,70,59,21,11,7,93,PM2.5,MT,SUR,,,,
27/07/2016,91,67,29,15,11,106,PM2.5,SC,NORTE,,,,
28/07/2016,81,39,21,18,15,105,PM2.5,SC,NORTE,,,,
29/07/2016,88,55,22,14,16,93,PM2.5,SC,NORTE,,,,
30/07/2016,81,55,19,12,9,97,PM2.5,SC,NORTE,,,,
31/07/2016,70,53,16,11,8,90,PM2.5,SC,NORTE,,,,
01/08/2016,71,67,26,16,10,79,PM2.5,SC,NORTE,,,,
02/08/2016,67,63,20,13,12,81,PM2.5,SC,NORTE,,,,
03/08/2016,71,69,23,16,12,100,PM2.5,"CB, SC","SUR, NORTE",,,,
04/08/2016,71,57,19,12,13,97,PM2.5,SC,NORTE,,,,
05/08/2016,76,29,15,12,14,84,PM2.5,SC,NORTE,,,,
06/08/2016,57,23,14,11,12,75,PM2.5,SC,NORTE,,,,
07/08/2016,34,24,8,11,10,57,PM2.5,CB,SUR,,,,
08/08/2016,35,33,19,13,9,61,PM2.5,CB,SUR,,,,
09/08/2016,63,40,19,18,9,72,PM2.5,CB,SUR,,,,
10/08/2016,58,36,25,12,11,70,PM2.5,"CB, SC","SUR, NORTE",,,,
11/08/2016,91,57,29,18,10,99,PM2.5,SC,NORTE,,,,
12/08/2016,78,73,36,19,11,105,PM2.5,SC,NORTE,,,,
13/08/2016,84,59,39,18,11,110,PM2.5,SC,NORTE,,,,
14/08/2016,94,59,20,13,10,107,PM2.5,SC,NORTE,,,,
15/08/2016,83,84,26,17,10,102,PM2.5,SC,NORTE,,,,
16/08/2016,63,39,18,11,10,87,PM2.5,SC,NORTE,,,,
17/08/2016,44,31,15,12,9,73,PM2.5,"CB, SC","SUR, NORTE",,,,
18/08/2016,35,31,21,10,8,60,PM2.5,SM,SUR,,,,
19/08/2016,46,31,19,12,9,66,PM2.5,SM,SUR,,,,
20/08/2016,45,59,21,13,10,76,PM2.5,CB,SUR,,,,
21/08/2016,50,35,21,12,10,81,PM2.5,SC,NORTE,,,,
22/08/2016,64,39,24,16,11,79,PM2.5,SC,NORTE,,,,
23/08/2016,93,49,30,22,10,100,PM2.5,SC,NORTE,,,,
24/08/2016,70,41,31,13,9,90,PM2.5,SM,SUR,,,,
25/08/2016,49,84,32,15,12,84,O3,CB,SUR,,,,
26/08/2016,81,88,30,19,14,103,PM2.5,"MT, SC","SUR, NORTE",,,,
27/08/2016,87,96,33,19,13,111,PM2.5,SC,NORTE,,,,
28/08/2016,78,80,22,12,15,107,PM2.5,SC,NORTE,,,,
29/08/2016,83,104,33,18,14,106,PM2.5,SC,NORTE,,,,
30/08/2016,78,84,25,16,10,102,PM2.5,SC,NORTE,,,,
31/08/2016,81,90,30,16,13,96,PM2.5,MT,SUR,,,,
01/09/2016,88,50,18,13,13,96,PM2.5,SM,SUR,,,,
02/09/2016,71,46,25,12,14,88,PM2.5,SM,SUR,,,,
03/09/2016,58,46,17,10,17,82,PM2.5,"CB, SM",SUR,,,,
04/09/2016,41,28,11,10,12,66,PM2.5,CB,SUR,,,,
05/09/2016,36,24,13,13,8,60,PM2.5,CB,SUR,,,,
06/09/2016,55,31,28,12,10,72,PM2.5,"CB, SC","SUR, NORTE",,,,
07/09/2016,71,63,21,12,10,94,PM2.5,CB,SUR,,,,
08/09/2016,83,105,21,11,10,105,O3,MT,SUR,,,,
09/09/2016,103,59,27,14,9,103,PM10,SC,NORTE,,,,
10/09/2016,105,82,28,13,9,105,PM10,SC,NORTE,,,,
11/09/2016,99,76,20,9,13,99,PM10,SC,NORTE,,,,
12/09/2016,78,63,21,13,28,105,PM2.5,"MT, CB",SUR,,,,
13/09/2016,97,49,23,13,19,108,PM2.5,SC,NORTE,,,,
14/09/2016,101,78,25,15,15,113,PM2.5,SC,NORTE,,,,
15/09/2016,87,100,21,13,18,104,PM2.5,SM,SUR,,,,
16/09/2016,87,37,15,8,16,99,PM2.5,SM,SUR,,,,
17/09/2016,54,37,14,11,12,81,PM2.5,SM,SUR,,,,
18/09/2016,38,37,16,9,10,61,PM2.5,"MT, SM",SUR,,,,
19/09/2016,54,61,18,14,10,70,PM2.5,CB,SUR,,,,
20/09/2016,60,61,18,11,11,73,PM2.5,SM,SUR,,,,
21/09/2016,64,50,17,12,12,75,PM2.5,SM,SUR,,,,
22/09/2016,61,37,18,12,11,69,PM2.5,SM,SUR,,,,
23/09/2016,55,38,26,15,13,75,PM2.5,SC,NORTE,,,,
24/09/2016,76,67,26,13,14,107,PM2.5,SC,NORTE,,,,
25/09/2016,77,51,20,13,13,109,PM2.5,SC,NORTE,,,,
26/09/2016,64,44,17,12,12,103,PM2.5,CB,SUR,,,,
27/09/2016,54,37,16,13,13,78,PM2.5,SM,SUR,,,,
28/09/2016,44,30,22,12,13,69,PM2.5,SM,SUR,,,,
29/09/2016,52,49,22,13,14,90,PM2.5,"CB, SM",SUR,,,,
30/09/2016,50,49,20,13,14,90,PM2.5,"MT, SM",SUR,,,,
01/10/2016,70,46,19,14,22,91,PM2.5,SM,SUR,,,,
02/10/2016,70,44,18,10,22,97,PM2.5,SM,SUR,,,,
03/10/2016,63,44,18,15,22,96,PM2.5,SM,SUR,,,,
04/10/2016,63,40,29,13,14,88,PM2.5,MT,SUR,,,,
05/10/2016,83,41,19,12,15,94,PM2.5,SM,SUR,,,,
06/10/2016,94,46,21,15,15,94,PM10,SC,NORTE,,,,
07/10/2016,96,55,26,19,14,96,PM10,SC,NORTE,,,,
08/10/2016,86,43,15,12,11,86,PM10,SC,NORTE,,,,
09/10/2016,65,34,12,8,11,73,PM2.5,SC,NORTE,,,,
10/10/2016,52,51,26,11,10,73,PM2.5,SM,SUR,,,,
11/10/2016,74,50,24,14,12,90,PM2.5,"CB, SC","SUR, NORTE",,,,
12/10/2016,90,59,22,14,13,102,PM2.5,CB,SUR,,,,
13/10/2016,73,53,18,10,14,91,PM2.5,CB,SUR,,,,
14/10/2016,65,50,30,14,13,79,PM2.5,SM,SUR,,,,
15/10/2016,93,73,23,19,11,105,PM2.5,SC,NORTE,,,,
16/10/2016,97,82,22,17,10,107,PM2.5,SC,NORTE,,,,
17/10/2016,91,50,25,21,11,94,PM2.5,SC,NORTE,,,,
18/10/2016,91,53,34,18,11,97,PM2.5,SC,NORTE,,,,
19/10/2016,86,53,25,22,11,100,PM2.5,SM,SUR,,,,
20/10/2016,102,69,25,17,15,105,PM2.5,SC,NORTE,,,,
21/10/2016,91,34,17,13,16,91,PM10,SM,SUR,,,,
22/10/2016,57,46,20,13,10,72,PM2.5,SC,NORTE,,,,
23/10/2016,60,51,19,15,11,81,PM2.5,SM,SUR,,,,
24/10/2016,65,47,19,16,12,87,PM2.5,SC,NORTE,,,,
25/10/2016,76,65,21,12,14,90,PM2.5,SM,SUR,,,,
26/10/2016,77,44,26,16,13,90,PM2.5,SM,SUR,,,,
27/10/2016,80,31,17,12,12,85,PM2.5,SM,SUR,,,,
28/10/2016,70,36,22,16,11,79,PM2.5,SM,SUR,,,,
29/10/2016,73,48,20,12,11,79,PM2.5,SC,NORTE,,,,
30/10/2016,74,46,22,15,9,94,PM2.5,SC,NORTE,,,,
31/10/2016,61,38,26,17,12,91,PM2.5,SM,SUR,,,,
01/11/2016,108,43,28,31,11,129,PM2.5,SC,NORTE,,,,
02/11/2016,109,50,21,33,11,138,PM2.5,SC,NORTE,,,,
03/11/2016,93,36,26,18,10,114,PM2.5,SC,NORTE,,,,
04/11/2016,61,26,16,12,12,79,PM2.5,SC,NORTE,,,,
05/11/2016,67,42,20,11,10,78,PM2.5,SC,NORTE,,,,
06/11/2016,68,41,16,11,8,82,PM2.5,SC,NORTE,,,,
07/11/2016,105,48,24,12,11,105,PM10,SM,SUR,,,,
08/11/2016,106,44,30,17,12,106,PM10,SM,SUR,,,,
09/11/2016,99,29,22,16,11,104,PM2.5,SM,SUR,,,,
10/11/2016,49,29,16,15,9,87,PM2.5,SC,NORTE,,,,
11/11/2016,90,31,23,20,10,104,PM2.5,SC,NORTE,,,,
12/11/2016,91,35,19,15,10,113,PM2.5,SC,NORTE,,,,
13/11/2016,101,32,16,19,9,107,PM2.5,SC,NORTE,,,,
14/11/2016,106,49,29,19,9,106,"PM10, PM2.5",SC,NORTE,,,,
15/11/2016,101,46,21,13,9,106,PM2.5,MT,SUR,,,,
16/11/2016,83,31,22,18,10,104,PM2.5,MT,SUR,,,,
17/11/2016,101,38,19,18,10,107,PM2.5,SC,NORTE,,,,
18/11/2016,110,41,32,20,12,117,PM2.5,SC,NORTE,,,,
19/11/2016,106,36,19,12,12,109,PM2.5,SC,NORTE,,,,
20/11/2016,77,44,20,11,12,84,PM2.5,SC,NORTE,,,,
21/11/2016,90,63,24,14,10,106,PM2.5,SM,SUR,,,,
22/11/2016,110,63,41,19,10,112,PM2.5,SC,NORTE,,,,
23/11/2016,111,57,28,16,17,114,PM2.5,SC,NORTE,,,,
24/11/2016,109,86,39,16,19,112,PM2.5,SC,NORTE,,,,
25/11/2016,112,78,48,17,12,123,PM2.5,SC,NORTE,,,,
26/11/2016,111,61,36,15,13,124,PM2.5,SC,NORTE,,,,
27/11/2016,108,103,26,15,12,122,PM2.5,SC,NORTE,,,,
28/11/2016,112,48,33,23,12,117,PM2.5,SC,NORTE,,,,
29/11/2016,113,36,34,22,10,114,PM2.5,SC,NORTE,,,,
30/11/2016,108,34,23,17,10,113,PM2.5,SC,NORTE,,,,
01/12/2016,113,35,33,23,10,123,PM2.5,SC,NORTE,,,,
02/12/2016,110,31,22,19,9,120,PM2.5,SC,NORTE,,,,
03/12/2016,107,34,26,18,9,117,PM2.5,SC,NORTE,,,,
04/12/2016,111,24,17,13,9,113,PM2.5,SC,NORTE,,,,
05/12/2016,105,21,17,13,9,105,PM10,SC,NORTE,,,,
06/12/2016,110,38,34,22,9,110,PM10,SC,NORTE,,,,
07/12/2016,113,44,28,17,9,113,PM10,SC,NORTE,,,,
08/12/2016,121,55,29,24,10,123,PM2.5,SC,NORTE,,,,
09/12/2016,113,37,25,17,19,114,PM2.5,SC,NORTE,,,,
10/12/2016,105,38,28,18,17,108,PM2.5,SC,NORTE,,,,
11/12/2016,105,43,26,18,13,114,PM2.5,SC,NORTE,,,,
12/12/2016,115,65,30,18,21,129,PM2.5,SC,NORTE,,,,
13/12/2016,124,92,37,20,24,136,PM2.5,SC,NORTE,,,,
14/12/2016,121,57,37,21,17,127,PM2.5,SC,NORTE,,,,
15/12/2016,128,57,55,26,17,129,PM2.5,SC,NORTE,,,,
16/12/2016,117,45,32,21,10,119,PM2.5,SC,NORTE,,,,
17/12/2016,101,37,21,19,7,115,PM2.5,MT,SUR,,,,
18/12/2016,107,46,27,20,6,114,PM2.5,SC,NORTE,,,,
19/12/2016,103,50,24,19,6,108,PM2.5,SC,NORTE,,,,
20/12/2016,103,44,26,17,11,103,PM10,SC,NORTE,,,,
21/12/2016,102,42,25,18,20,102,PM10,SM,SUR,,,,
22/12/2016,121,49,33,18,20,122,PM2.5,SC,NORTE,,,,
23/12/2016,119,33,31,20,7,119,PM10,SC,NORTE,,,,
24/12/2016,138,51,38,27,7,153,PM2.5,SC,NORTE,,,,
25/12/2016,173,80,23,35,10,173,PM10,SC,NORTE,,,,
26/12/2016,153,46,27,18,8,153,PM10,SC,NORTE,,,,
27/12/2016,119,40,28,21,6,122,PM2.5,SC,NORTE,,,,
28/12/2016,112,38,23,18,11,112,PM10,SC,NORTE,,,,
29/12/2016,113,46,27,18,10,113,PM10,SC,NORTE,,,,
30/12/2016,106,41,24,16,6,106,PM10,SC,NORTE,,,,
31/12/2016,110,46,23,17,6,110,PM10,SC,NORTE,,,,
01/01/2017,149,44,25,44,9,149,PM10,SC,NORTE,,,,
02/01/2017,133,69,27,19,9,141,PM2.5,OX,CENTRO,,,,
03/01/2017,117,92,39,19,11,121,PM2.5,SC,NORTE,,,,
04/01/2017,124,40,33,22,12,130,PM2.5,SC,NORTE,,,,
05/01/2017,123,49,50,20,11,125,PM2.5,SC,NORTE,,,,
06/01/2017,120,48,30,25,11,122,PM2.5,SC,NORTE,,,,
07/01/2017,122,94,29,21,6,131,PM2.5,SC,NORTE,,,,
08/01/2017,120,63,27,21,6,123,PM2.5,SC,NORTE,,,,
09/01/2017,123,44,35,20,7,125,PM2.5,SC,NORTE,,,,
10/01/2017,124,69,41,23,7,124,PM10,SC,NORTE,,,,
11/01/2017,119,80,29,24,7,119,"PM10, PM2.5",SC,NORTE,,,,
12/01/2017,119,92,45,26,8,119,PM10,SC,NORTE,,,,
13/01/2017,129,36,41,27,9,130,PM2.5,SC,NORTE,,,,
14/01/2017,125,44,39,23,8,125,PM10,SC,NORTE,,,,
15/01/2017,101,82,22,19,6,134,PM2.5,SC,NORTE,,,,
16/01/2017,102,78,31,22,6,124,PM2.5,SC,NORTE,,,,
17/01/2017,108,49,22,20,6,112,PM2.5,SC,NORTE,,,,
18/01/2017,119,40,28,20,7,119,PM10,SC,NORTE,,,,
19/01/2017,125,48,43,23,8,125,PM10,SC,NORTE,,,,
20/01/2017,135,29,25,21,7,135,PM10,SC,NORTE,,,,
21/01/2017,131,47,37,21,7,131,PM10,SC,NORTE,,,,
22/01/2017,115,42,23,20,13,115,PM10,SC,NORTE,,,,
23/01/2017,121,46,34,23,13,121,PM10,SC,NORTE,,,,
24/01/2017,149,40,37,23,11,149,PM10,SC,NORTE,,,,
25/01/2017,126,41,28,20,7,126,PM10,SC,NORTE,,,,
26/01/2017,127,49,46,23,8,127,PM10,SC,NORTE,,,,
27/01/2017,131,45,30,22,8,131,PM10,SC,NORTE,,,,
28/01/2017,123,47,29,19,7,123,PM10,SC,NORTE,,,,
29/01/2017,123,37,25,19,7,123,PM10,SC,NORTE,,,,
30/01/2017,116,88,29,20,7,116,PM10,SC,NORTE,,,,
31/01/2017,122,82,31,21,7,122,PM10,SC,NORTE,,,,
01/02/2017,127,46,35,21,7,133,PM2.5,SC,NORTE,,,,
02/02/2017,127,57,39,21,7,134,PM2.5,SC,NORTE,,,,
03/02/2017,113,57,32,21,8,113,PM10,SC,NORTE,,,,
04/02/2017,119,63,27,19,7,122,PM2.5,SC,NORTE,,,,
05/02/2017,116,51,24,17,7,122,PM2.5,SC,NORTE,,,,
06/02/2017,109,49,25,18,19,114,PM2.5,SC,NORTE,,,,
07/02/2017,122,107,44,23,17,132,PM2.5,SC,NORTE,,,,
08/02/2017,127,82,36,22,8,131,PM2.5,SC,NORTE,,,,
09/02/2017,127,46,25,24,8,129,PM2.5,SC,NORTE,,,,
10/02/2017,126,86,35,22,9,126,PM10,SC,NORTE,,,,
11/02/2017,129,106,40,20,9,129,"PM10, PM2.5",SC,NORTE,,,,
12/02/2017,133,106,29,19,9,137,PM2.5,SC,NORTE,,,,
13/02/2017,124,88,30,24,8,124,PM10,SC,NORTE,,,,
14/02/2017,119,61,28,20,8,119,PM10,SC,NORTE,,,,
15/02/2017,139,36,35,21,8,139,PM10,SM,SUR,,,,
16/02/2017,135,36,21,16,8,135,PM10,SM,SUR,,,,
17/02/2017,130,34,25,17,8,130,PM10,SC,NORTE,,,,
18/02/2017,117,44,23,19,8,117,PM10,SC,NORTE,,,,
19/02/2017,114,44,21,17,8,114,PM10,SC,NORTE,,,,
20/02/2017,102,43,26,15,8,102,PM10,SC,NORTE,,,,
21/02/2017,114,41,32,22,8,114,PM10,SM,SUR,,,,
22/02/2017,119,96,36,21,11,120,PM2.5,SM,SUR,,,,
23/02/2017,113,55,32,24,11,115,PM2.5,SM,SUR,,,,
24/02/2017,119,67,28,19,10,119,PM10,SM,SUR,,,,
25/02/2017,121,88,32,23,11,121,PM10,SC,NORTE,,,,
26/02/2017,122,41,27,19,11,128,PM2.5,SC,NORTE,,,,
27/02/2017,113,98,37,25,11,123,PM2.5,SC,NORTE,,,,
28/02/2017,122,73,41,26,11,124,PM2.5,SC,NORTE,,,,
01/03/2017,130,104,45,17,11,159,PM2.5,SM,SUR,,,,
02/03/2017,128,105,28,13,13,157,PM2.5,SM,SUR,,,,
03/03/2017,113,48,27,13,13,121,PM2.5,SC,NORTE,,,,
04/03/2017,114,39,23,10,12,114,PM10,SM,SUR,,,,
05/03/2017,91,46,26,11,13,108,PM2.5,SC,NORTE,,,,
06/03/2017,104,50,30,13,10,107,PM2.5,SC,NORTE,,,,
07/03/2017,116,69,28,15,9,116,PM10,SM,SUR,,,,
08/03/2017,112,69,32,13,8,112,PM10,"SM, SC","SUR, NORTE",,,,
09/03/2017,107,71,29,15,10,107,PM10,SM,SUR,,,,
10/03/2017,102,73,34,15,11,102,PM10,SC,NORTE,,,,
11/03/2017,102,45,30,14,9,102,"PM10, PM2.5",SC,NORTE,,,,
12/03/2017,96,36,25,10,10,99,PM2.5,SM,SUR,,,,
13/03/2017,87,46,30,15,8,94,PM2.5,SM,SUR,,,,
14/03/2017,101,39,24,13,15,101,PM10,SM,SUR,,,,
15/03/2017,88,44,25,10,14,88,PM10,SM,SUR,,,,
16/03/2017,87,46,29,14,14,99,PM2.5,SM,SUR,,,,
17/03/2017,105,49,31,15,20,110,PM2.5,SM,SUR,,,,
18/03/2017,105,73,36,15,22,107,PM2.5,SM,SUR,,,,
19/03/2017,104,53,28,10,36,107,PM2.5,SM,SUR,,,,
20/03/2017,104,47,28,11,22,104,"PM10, PM2.5",SM,SUR,,,,
21/03/2017,110,44,38,15,13,110,PM10,SC,NORTE,,,,
22/03/2017,107,46,35,15,17,107,PM10,SC,NORTE,,,,
23/03/2017,109,53,38,14,13,109,PM10,SM,SUR,,,,
24/03/2017,120,76,33,15,11,120,PM10,SM,SUR,,,,
25/03/2017,114,67,31,16,16,114,PM10,SM,SUR,,,,
26/03/2017,101,84,23,14,15,108,PM2.5,SM,SUR,,,,
27/03/2017,102,57,39,16,11,102,PM10,SM,SUR,,,,
28/03/2017,105,86,29,21,9,105,PM10,SC,NORTE,,,,
29/03/2017,114,53,26,13,9,114,PM10,SM,SUR,,,,
30/03/2017,119,109,29,16,9,119,PM10,SM,SUR,,,,
31/03/2017,120,57,29,18,9,120,PM10,SM,SUR,,,,
01/04/2017,122,39,34,19,9,122,PM10,SM,SUR,,,,
02/04/2017,120,59,26,16,15,120,PM10,SM,SUR,,,,
03/04/2017,114,80,39,19,15,114,PM10,SC,NORTE,,,,
04/04/2017,121,46,39,18,10,121,PM10,"SM, SC","SUR, NORTE",,,,
05/04/2017,125,103,39,17,10,125,PM10,SM,SUR,,,,
06/04/2017,124,76,30,13,9,124,PM10,SM,SUR,,,,
07/04/2017,120,105,42,19,9,120,PM10,SM,SUR,,,,
08/04/2017,114,88,30,14,8,119,PM2.5,SM,SUR,,,,
09/04/2017,114,82,27,12,7,115,PM2.5,SM,SUR,,,,
10/04/2017,111,104,37,13,10,113,PM2.5,SM,SUR,,,,
11/04/2017,116,86,29,14,10,116,PM10,OX,CENTRO,,,,
12/04/2017,110,69,26,10,10,110,PM10,OX,CENTRO,,,,
13/04/2017,91,86,26,9,9,103,PM2.5,"SM, SC","SUR, NORTE",,,,
14/04/2017,87,80,23,9,8,103,PM2.5,SC,NORTE,,,,
15/04/2017,77,76,24,9,8,93,PM2.5,SC,NORTE,,,,
16/04/2017,76,69,24,8,11,91,PM2.5,SC,NORTE,,,,
17/04/2017,71,78,29,12,9,93,PM2.5,SM,SUR,,,,
18/04/2017,102,61,26,11,8,102,"PM10, PM2.5","SC, SM","NORTE, SUR",,,,
19/04/2017,96,73,30,13,10,97,PM2.5,SM,SUR,,,,
20/04/2017,91,86,33,11,13,93,PM2.5,SM,SUR,,,,
21/04/2017,106,78,35,13,15,106,PM10,SM,SUR,,,,
22/04/2017,110,94,31,15,14,110,PM10,SC,NORTE,,,,
23/04/2017,109,109,30,10,12,109,"PM10, O3","SC, CB","NORTE, SUR",,,,
24/04/2017,106,101,38,19,13,108,PM2.5,SM,SUR,,,,
25/04/2017,119,63,36,20,11,119,PM10,SM,SUR,,,,
26/04/2017,119,80,34,15,9,119,PM10,SM,SUR,,,,
27/04/2017,121,61,35,17,8,122,PM2.5,SM,SUR,,,,
28/04/2017,128,47,32,17,14,136,PM2.5,SM,SUR,,,,
29/04/2017,122,44,28,15,16,122,"PM10, PM2.5",SM,SUR,,,,
30/04/2017,121,76,33,13,16,126,PM2.5,OX,CENTRO,,,,
01/05/2017,127,63,28,15,11,144,PM2.5,SM,SUR,,,,
02/05/2017,126,57,37,18,9,137,PM2.5,SM,SUR,,,,
03/05/2017,125,61,31,16,10,133,PM2.5,SM,SUR,,,,
04/05/2017,122,57,30,14,8,127,PM2.5,SM,SUR,,,,
05/05/2017,114,49,27,12,8,122,PM2.5,SM,SUR,,,,
06/05/2017,96,73,28,14,8,109,PM2.5,SM,SUR,,,,
07/05/2017,96,63,25,11,8,118,PM2.5,SM,SUR,,,,
08/05/2017,107,65,25,15,9,123,PM2.5,SM,SUR,,,,
09/05/2017,108,69,32,17,8,131,PM2.5,SM,SUR,,,,
10/05/2017,107,104,30,15,8,128,PM2.5,SM,SUR,,,,
11/05/2017,109,96,32,20,9,125,PM2.5,SM,SUR,,,,
12/05/2017,103,61,27,16,11,119,PM2.5,SM,SUR,,,,
13/05/2017,94,102,24,14,10,104,PM2.5,SM,SUR,,,,
14/05/2017,100,67,23,11,10,114,PM2.5,SM,SUR,,,,
15/05/2017,106,107,29,14,8,122,PM2.5,SM,SUR,,,,
16/05/2017,107,101,29,16,10,121,PM2.5,SM,SUR,,,,
17/05/2017,114,92,28,18,10,119,PM2.5,SM,SUR,,,,
18/05/2017,117,112,28,16,9,124,PM2.5,SM,SUR,,,,
19/05/2017,114,106,36,17,13,122,PM2.5,SM,SUR,,,,
20/05/2017,109,127,27,14,11,127,O3,MT,SUR,,,,
21/05/2017,106,104,21,11,10,107,PM2.5,"SM, SC","SUR, NORTE",,,,
22/05/2017,103,108,26,16,8,108,O3,MT,SUR,,,,
23/05/2017,102,98,34,17,8,116,PM2.5,SM,SUR,,,,
24/05/2017,106,112,22,13,8,119,PM2.5,MT,SUR,,,,
25/05/2017,107,113,24,12,8,122,PM2.5,MT,SUR,,,,
26/05/2017,80,115,37,17,11,115,O3,MT,SUR,,,,
27/05/2017,93,100,23,11,13,109,O4,MT,SUR,,,,
28/05/2017,88,71,19,10,9,108,PM2.5,MT,SUR,,,,
29/05/2017,67,65,20,12,6,96,PM2.5,MT,SUR,,,,
30/05/2017,70,63,25,12,9,90,PM2.5,MT,SUR,,,,
31/05/2017,77,44,20,13,9,94,PM2.5,MT,SUR,,,,
01/06/2017,73,59,16,12,11,96,PM2.5,MT,SUR,,,,
02/06/2017,84,44,24,13,9,84,"PM10, PM2.5","SC, MT","NORTE, SUR",,,,
03/06/2017,83,59,25,14,8,84,PM2.5,"MT, SM",SUR,,,,
04/06/2017,90,76,22,16,8,106,PM2.5,MT,SUR,,,,
05/06/2017,88,104,23,12,8,104,O3,OX,CENTRO,,,,
06/06/2017,102,84,21,14,7,107,PM2.5,MT,SUR,,,,
07/06/2017,101,109,26,12,7,109,O3,SC,NORTE,,,,
08/06/2017,94,80,20,11,10,100,PM2.5,MT,SUR,,,,
09/06/2017,88,67,24,13,10,97,PM2.5,SM,SUR,,,,
10/06/2017,93,88,25,11,8,99,PM2.5,MT,SUR,,,,
11/06/2017,84,104,19,11,9,105,PM2.5,MT,SUR,,,,
12/06/2017,73,98,20,11,9,99,PM2.5,MT,SUR,,,,
13/06/2017,99,104,20,11,13,104,O3,SC,NORTE,,,,
14/06/2017,88,45,17,13,13,97,PM2.5,MT,SUR,,,,
15/06/2017,64,44,19,12,9,79,PM2.5,MT,SUR,,,,
16/06/2017,91,73,25,12,8,91,PM10,SM,SUR,,,,
17/06/2017,93,51,20,9,12,97,PM2.5,MT,SUR,,,,
18/06/2017,81,67,21,11,13,97,PM2.5,"MT, SM",SUR,,,,
19/06/2017,90,73,20,11,15,90,PM10,SC,NORTE,,,,
20/06/2017,88,57,20,9,14,88,PM10,SC,NORTE,,,,
21/06/2017,90,82,28,12,16,90,PM10,SM,SUR,,,,
22/06/2017,105,86,25,13,15,105,PM10,SM,SUR,,,,
23/06/2017,107,98,19,11,11,108,PM2.5,SC,NORTE,,,,
24/06/2017,103,45,19,10,10,104,PM2.5,MT,SUR,,,,
25/06/2017,87,25,13,10,6,87,"PM10, PM2.5",SC,NORTE,,,,
26/06/2017,36,24,15,9,5,63,PM2.5,SM,SUR,,,,
27/06/2017,36,34,17,10,6,72,PM2.5,SM,SUR,,,,
28/06/2017,45,40,25,11,12,82,PM2.5,MT,SUR,,,,
29/06/2017,67,26,21,11,12,93,PM2.5,MT,SUR,,,,
30/06/2017,54,34,17,8,8,78,PM2.5,SM,SUR,,,,
01/07/2017,50,28,16,8,8,69,PM2.5,SM,SUR,,,,
02/07/2017,45,38,16,9,6,72,PM2.5,SC,NORTE,,,,
03/07/2017,48,34,22,11,7,75,PM2.5,SC,NORTE,,,,
04/07/2017,58,26,19,12,10,82,PM2.5,SC,NORTE,,,,
05/07/2017,77,53,24,16,10,87,PM2.5,SC,NORTE,,,,
06/07/2017,70,53,38,12,10,88,PM2.5,MT,SUR,,,,
07/07/2017,54,41,20,12,8,87,PM2.5,MT,SUR,,,,
08/07/2017,49,34,21,10,7,76,PM2.5,MT,SUR,,,,
09/07/2017,35,34,19,10,6,72,PM2.5,MT,SUR,,,,
10/07/2017,48,27,17,13,6,70,PM2.5,MT,SUR,,,,
11/07/2017,48,32,28,12,6,75,PM2.5,SC,NORTE,,,,
12/07/2017,50,50,27,15,7,82,PM2.5,MT,SUR,,,,
13/07/2017,77,69,24,16,8,100,PM2.5,MT,SUR,,,,
14/07/2017,97,69,29,15,9,97,PM10,SM,SUR,,,,
15/07/2017,94,67,23,12,8,94,PM10,SM,SUR,,,,
16/07/2017,73,55,22,10,7,90,PM2.5,MT,SUR,,,,
17/07/2017,67,69,34,16,7,105,PM2.5,MT,SUR,,,,
18/07/2017,86,41,28,16,6,111,PM2.5,MT,SUR,,,,
19/07/2017,94,78,22,17,6,107,PM2.5,MT,SUR,,,,
20/07/2017,80,30,22,16,6,88,PM2.5,MT,SUR,,,,
21/07/2017,76,43,25,15,6,85,PM2.5,"MT, SM",SUR,,,,
22/07/2017,81,46,24,14,7,87,PM2.5,"MT, SM",SUR,,,,
23/07/2017,77,49,23,13,7,104,PM2.5,MT,SUR,,,,
24/07/2017,67,47,23,15,7,103,PM2.5,MT,SUR,,,,
25/07/2017,68,29,24,13,7,104,PM2.5,MT,SUR,,,,
26/07/2017,48,28,26,12,7,78,PM2.5,MT,SUR,,,,
27/07/2017,76,57,37,13,7,81,PM2.5,SC,NORTE,,,,
28/07/2017,74,84,33,15,7,84,"PM2.5, O3","SC, MT","NORTE, SUR",,,,
29/07/2017,68,71,33,14,7,85,PM2.5,SC,NORTE,,,,
30/07/2017,80,71,32,10,10,91,PM2.5,SC,NORTE,,,,
31/07/2017,64,88,37,11,10,88,O3,OX,CENTRO,,,,
01/08/2017,76,101,33,14,10,101,O3,OX,CENTRO,,,,
02/08/2017,76,47,19,13,10,94,PM2.5,SC,NORTE,,,,
03/08/2017,54,41,24,14,7,70,PM2.5,SM,SUR,,,,
04/08/2017,49,84,27,12,6,84,O3,CB,SUR,,,,
05/08/2017,68,69,24,15,7,97,PM2.5,SC,NORTE,,,,
06/08/2017,76,38,21,13,6,91,PM2.5,MT,SUR,,,,
07/08/2017,68,104,21,13,8,104,O3,MT,SUR,,,,
08/08/2017,65,86,27,11,8,86,O3,MT,SUR,,,,
09/08/2017,73,44,21,9,18,90,PM2.5,SM,SUR,,,,
10/08/2017,57,24,18,8,18,82,PM2.5,SM,SUR,,,,
11/08/2017,44,34,20,8,5,61,PM2.5,SM,SUR,,,,
12/08/2017,65,59,21,13,5,78,PM2.5,SM,SUR,,,,
13/08/2017,64,40,20,10,5,79,PM2.5,SM,SUR,,,,
14/08/2017,46,36,22,11,5,67,PM2.5,SM,SUR,,,,
15/08/2017,90,102,28,13,5,102,O3,MT,SUR,,,,
16/08/2017,94,36,22,13,5,102,PM2.5,MT,SUR,,,,
17/08/2017,64,71,26,10,5,73,PM2.5,"MT, CB",SUR,,,,
18/08/2017,64,92,25,10,6,92,O3,MT,SUR,,,,
19/08/2017,76,92,29,11,8,97,PM2.5,CB,SUR,,,,
20/08/2017,77,71,23,10,8,100,PM2.5,CB,SUR,,,,
21/08/2017,64,69,18,8,7,88,PM2.5,CB,SUR,,,,
22/08/2017,70,48,18,8,7,76,PM2.5,CB,SUR,,,,
23/08/2017,88,48,29,11,11,90,PM2.5,CB,SUR,,,,
24/08/2017,90,48,30,11,13,94,PM2.5,CB,SUR,,,,
25/08/2017,99,41,30,13,13,102,PM2.5,CB,SUR,,,,
26/08/2017,91,76,34,21,7,97,PM2.5,CB,SUR,,,,
27/08/2017,70,48,30,15,7,96,PM2.5,CB,SUR,,,,
28/08/2017,57,36,38,12,7,87,PM2.5,CB,SUR,,,,
29/08/2017,45,21,34,13,7,72,PM2.5,"CB, SM",SUR,,,,
30/08/2017,34,20,24,9,5,61,PM2.5,CB,SUR,,,,
31/08/2017,46,41,31,10,8,72,PM2.5,SM,SUR,,,,
01/09/2017,57,53,32,20,6,85,PM2.5,CB,SUR,,,,
02/09/2017,58,36,28,16,7,87,PM2.5,CB,SUR,,,,
03/09/2017,57,35,28,16,7,75,PM2.5,CB,SUR,,,,
04/09/2017,43,31,30,19,6,64,PM2.5,CB,SUR,,,,
05/09/2017,40,26,27,19,6,63,PM2.5,CB,SUR,,,,
06/09/2017,46,26,27,10,8,69,PM2.5,SM,SUR,,,,
07/09/2017,48,27,23,9,8,72,PM2.5,SM,SUR,,,,
08/09/2017,57,36,27,9,8,75,PM2.5,CB,SUR,,,,
09/09/2017,55,29,20,15,7,75,PM2.5,CB,SUR,,,,
10/09/2017,48,29,21,17,5,60,PM2.5,SM,SUR,,,,
11/09/2017,64,48,29,18,7,73,PM2.5,SM,SUR,,,,
12/09/2017,101,84,36,15,10,101,PM10,SM,SUR,,,,
13/09/2017,111,103,40,19,12,111,PM10,SC,NORTE,,,,
14/09/2017,107,69,40,12,8,107,PM10,SC,NORTE,,,,
15/09/2017,101,59,43,12,7,101,PM10,SM,SUR,,,,
16/09/2017,106,109,42,11,9,109,O3,CB,SUR,,,,
17/09/2017,96,36,38,10,7,96,PM2.5,"SM, SC",SUR,,,,
18/09/2017,61,63,38,15,5,79,PM2.5,CB,SUR,,,,
19/09/2017,90,61,37,11,8,100,PM2.5,CB,SUR,,,,
20/09/2017,90,48,42,12,7,100,PM2.5,CB,SUR,,,,
21/09/2017,71,32,36,12,5,91,PM2.5,CB,SUR,,,,
22/09/2017,60,27,26,10,6,76,PM2.5,CB,SUR,,,,
23/09/2017,50,33,21,11,6,58,PM2.5,"CB, SM",SUR,,,,
24/09/2017,46,20,19,8,6,58,PM2.5,SM,SUR,,,,
25/09/2017,46,20,20,11,7,61,PM2.5,CB,SUR,,,,
26/09/2017,51,47,21,13,13,73,PM2.5,SM,SUR,,,,
27/09/2017,67,59,22,11,13,87,PM2.5,CB,SUR,,,,
28/09/2017,67,27,18,12,7,85,PM2.5,CB,SUR,,,,
29/09/2017,60,26,19,11,8,69,PM2.5,CB,SUR,,,,
30/09/2017,51,25,21,11,8,67,PM2.5,SC,NORTE,,,,
01/10/2017,43,31,20,10,9,64,PM2.5,SM-SC,"SUR, NORTE",,,,
02/10/2017,43,34,18,11,10,69,PM2.5,SM,SUR,,,,
03/10/2017,57,36,36,12,10,69,PM2.5,SM,SUR,,,,
04/10/2017,52,22,32,12,7,64,PM2.5,SM,SUR,,,,
05/10/2017,51,34,25,12,7,67,PM2.5,SM,SUR,,,,
06/10/2017,77,40,28,12,10,78,PM2.5,SM,SUR,,,,
07/10/2017,100,39,29,12,10,100,PM10,SC,NORTE,,,,
08/10/2017,78,53,27,9,8,87,PM2.5,CB,SUR,,,,
09/10/2017,88,76,38,16,9,102,PM2.5,SM,SUR,,,,
10/10/2017,94,49,25,16,10,112,PM2.5,CB,SUR,,,,
11/10/2017,81,33,20,11,7,102,PM2.5,CB,SUR,,,,
12/10/2017,61,32,17,12,7,67,PM2.5,SC,NORTE,,,,
13/10/2017,61,39,17,11,7,67,PM2.5,SM,SUR,,,,
14/10/2017,63,49,16,10,22,78,PM2.5,SM,SUR,,,,
15/10/2017,74,47,21,10,21,91,PM2.5,SM,SUR,,,,
16/10/2017,74,29,15,9,9,91,PM2.5,SM,SUR,,,,
17/10/2017,71,46,20,11,8,75,PM2.5,SC,SUR,,,,
18/10/2017,108,55,37,17,10,108,PM10,SM,SUR,,,,
19/10/2017,108,98,30,16,10,108,PM10,SM,SUR,,,,
20/10/2017,107,57,35,18,8,107,PM10-PM2.5,SM-SC,"SUR, NORTE",,,,
21/10/2017,115,76,48,19,8,134,PM2.5,SC,NORTE,,,,
22/10/2017,112,46,23,13,8,122,PM2.5,SC,NORTE,,,,
23/10/2017,103,37,20,12,8,105,PM2.5,SC,NORTE,,,,
24/10/2017,77,36,17,10,8,78,PM2.5,SC,NORTE,,,,
25/10/2017,73,65,23,9,8,73,PM10-PM2.5,SM,"SUR, NORTE",,,,
26/10/2017,102,44,28,13,8,102,PM10,SM,SUR,,,,
27/10/2017,106,53,31,15,10,106,PM10,SM,SUR,,,,
28/10/2017,106,106,26,13,13,106,PM10-03,SC,NORTE,,,,
29/10/2017,107,67,22,10,11,107,PM10,SC,NORTE,,,,
30/10/2017,104,76,29,14,8,104,PM10,SM,SUR,,,,
31/10/2017,105,48,24,14,9,105,PM10,SM,SUR,,,,
01/11/2017,103,84,28,12,10,108,PM2.5,SM,SUR,,,,
02/11/2017,109,92,26,12,11,122,PM2.5,SM,SUR,,,,
03/11/2017,97,45,29,12,12,110,PM2.5,SM,SUR,,,,
04/11/2017,104,41,34,11,12,104,PM10,SC,NORTE,,,,
05/11/2017,107,86,34,15,13,107,PM10,SC,NORTE,,,,
06/11/2017,115,76,58,18,14,116,PM2.5,SM,SUR,,,,
07/11/2017,116,63,59,16,11,116,PM10,SM,SUR,,,,
08/11/2017,115,69,66,17,11,115,PM10,SC,NORTE,,,,
09/11/2017,114,59,65,18,9,114,PM10,SC,NORTE,,,,
10/11/2017,113,92,48,14,9,113,PM10,CB,SUR,,,,
11/11/2017,111,76,37,13,11,111,PM10,CB,SUR,,,,
12/11/2017,101,48,27,11,17,105,PM2.5,SM,SUR,,,,
13/11/2017,80,44,21,9,16,99,PM2.5,SM,SUR,,,,
14/11/2017,101,65,29,14,17,101,PM10,SM,SUR,,,,
15/11/2017,106,46,43,18,18,106,PM10,SM,SUR,,,,
16/11/2017,110,47,54,17,24,110,PM10,SC,NORTE,,,,
17/11/2017,116,53,51,17,11,116,PM10,SC,NORTE,,,,
18/11/2017,116,48,48,16,13,116,PM10,SC,NORTE,,,,
19/11/2017,114,53,35,16,14,114,PM10,SC,NORTE,,,,
20/11/2017,105,49,32,13,8,105,PM10,SC,NORTE,,,,
21/11/2017,107,78,32,15,9,107,PM10,SC,NORTE,,,,
22/11/2017,108,57,38,12,13,109,PM2.5,SC,NORTE,,,,
23/11/2017,110,46,42,15,15,110,PM10,CB,SUR,,,,
24/11/2017,118,88,47,18,9,120,PM2.5,SC,NORTE,,,,
25/11/2017,117,84,48,17,7,122,PM2.5,SC,NORTE,,,,
26/11/2017,122,44,37,23,11,123,PM2.5,SC,NORTE,,,,
27/11/2017,116,50,46,16,13,116,"PM10, PM2.5",SC,NORTE,,,,
28/11/2017,118,92,50,18,10,122,PM2.5,SM,SUR,,,,
29/11/2017,128,104,62,23,8,132,PM2.5,SC,NORTE,,,,
30/11/2017,122,76,56,20,9,123,PM2.5,SM,SUR,,,,
01/12/2017,123,82,52,17,10,124,PM2.5,SM,SUR,,,,
02/12/2017,130,109,40,24,10,133,PM2.5,SC,NORTE,,,,
03/12/2017,128,76,33,24,9,137,PM2.5,SC,NORTE,,,,
04/12/2017,120,114,40,18,8,127,PM2.5,SC,NORTE,,,,
05/12/2017,122,80,59,22,10,125,PM2.5,SC,NORTE,,,,
06/12/2017,132,82,50,17,11,134,PM2.5,SM,SUR,,,,
07/12/2017,134,48,29,22,8,134,PM10,SC,NORTE,,,,
08/12/2017,127,32,32,16,7,127,PM10,SC,NORTE,,,,
09/12/2017,123,42,31,14,7,123,PM10,SC,NORTE,,,,
10/12/2017,119,63,30,16,11,121,PM2.5,SC,NORTE,,,,
11/12/2017,126,110,35,16,12,126,PM10,SM,SUR,,,,
12/12/2017,139,78,38,20,10,145,PM2.5,SC,NORTE,,,,
13/12/2017,139,112,42,18,14,145,PM2.5,SC,NORTE,,,,
14/12/2017,142,109,51,21,10,142,PM10,SC,NORTE,,,,
15/12/2017,151,50,34,27,9,154,PM2.5,SC,NORTE,,,,
16/12/2017,132,36,25,12,7,132,PM10,SC,NORTE,,,,
17/12/2017,122,59,22,15,8,122,PM10,SC,NORTE,,,,
18/12/2017,126,46,32,22,8,130,PM2.5,SC,NORTE,,,,
19/12/2017,129,46,34,24,8,130,PM2.5,SC,NORTE,,,,
20/12/2017,129,37,35,18,9,131,PM2.5,SC,NORTE,,,,
21/12/2017,139,96,34,23,9,146,PM2.5,SC,NORTE,,,,
22/12/2017,136,48,33,22,9,142,PM2.5,SC,NORTE,,,,
23/12/2017,141,57,37,26,9,152,PM2.5,SC,NORTE,,,,
24/12/2017,146,101,42,27,10,164,PM2.5,SC,NORTE,,,,
25/12/2017,189,108,31,56,14,238,PM2.5,SM,SUR,,,,
26/12/2017,162,88,35,18,12,230,PM2.5,SM,SUR,,,,
27/12/2017,128,96,45,16,13,141,PM2.5,SC,NORTE,,,,
28/12/2017,118,100,26,13,13,122,PM2.5,SM,SUR,,,,
29/12/2017,118,101,41,19,8,122,PM2.5,SM,SUR,,,,
30/12/2017,115,98,28,14,8,120,PM2.5,SM,SUR,,,,
31/12/2017,120,105,30,15,9,137,PM2.5,"SM, SC,","SUR, NORTE",,,,
01/01/2018,251,57,26,43,14,277,PM2.5,SM,SUR,,,,
02/01/2018,207,50,27,15,12,254,PM2.5,SM,SUR,,,,
03/01/2018,112,57,32,14,8,123,PM2.5,SM,SUR,,,,
04/01/2018,111,88,28,13,9,116,PM2.5,SM,SUR,,,,
05/01/2018,115,49,31,14,10,120,PM2.5,SM,SUR,,,,
06/01/2018,119,100,37,16,23,131,PM2.5,SM,SUR,,,,
07/01/2018,115,107,28,16,15,131,PM2.5,SM,SUR,,,,
08/01/2018,117,103,34,19,11,124,PM2.5,SM,SUR,,,,
09/01/2018,123,73,48,20,13,127,PM2.5,SM,SUR,,,,
10/01/2018,132,122,50,21,10,144,PM2.5,SC,NORTE,,,,
11/01/2018,125,48,39,16,8,130,PM2.5,SC,NORTE,,,,
12/01/2018,128,69,40,15,9,128,PM10,SC,NORTE,,,,
13/01/2018,137,63,40,22,11,137,PM10,SC,NORTE,,,,
14/01/2018,135,50,34,16,10,135,PM10,SC,NORTE,,,,
15/01/2018,127,43,37,21,8,127,PM10,SC,NORTE,,,,
16/01/2018,139,92,46,22,8,139,PM10,SC,NORTE,,,,
17/01/2018,135,65,40,20,8,135,PM10,SC,NORTE,,,,
18/01/2018,134,90,36,20,8,134,PM10,SC,NORTE,,,,
19/01/2018,134,86,49,23,7,134,PM10,SC,NORTE,,,,
20/01/2018,128,47,31,21,7,128,PM10,SC,NORTE,,,,
21/01/2018,120,44,30,22,7,120,PM10,SC,NORTE,,,,
22/01/2018,118,47,30,19,7,118,PM10,SC,NORTE,,,,
23/01/2018,122,43,30,19,7,122,PM10,SC,NORTE,,,,
24/01/2018,119,49,28,17,6,119,PM10,SC,NORTE,,,,
25/01/2018,106,37,26,12,6,107,PM2.5,SM,SUR,,,,
26/01/2018,105,46,33,16,6,105,PM10,SM,SUR,,,,
27/01/2018,104,61,40,15,8,114,PM2.5,SM,SUR,,,,
28/01/2018,93,36,22,12,8,114,PM2.5,SM,SUR,,,,
29/01/2018,64,32,18,8,6,93,PM2.5,SM,SUR,,,,
30/01/2018,99,41,28,13,8,99,PM10,SM,SUR,,,,
31/01/2018,117,33,36,18,10,129,PM2.5,SM,SUR,,,,
01/02/2018,117,49,25,21,8,126,PM2.5,SM,SUR,,,,
02/02/2018,115,88,33,21,10,115,PM10,SC,NORTE,,,,
03/02/2018,120,92,26,21,9,120,PM10,SC,NORTE,,,,
04/02/2018,117,78,32,17,8,117,PM10,SC,NORTE,,,,
05/02/2018,113,61,30,17,8,115,PM10,SM,SUR,,,,
06/02/2018,122,51,35,23,7,122,"PM10, PM2.5",SC,NORTE,,,,
07/02/2018,121,88,42,18,9,121,PM10,SM,SUR,,,,
08/02/2018,126,53,21,15,8,126,PM10,SM,SUR,,,,
09/02/2018,123,32,22,17,6,123,PM10,SM,SUR,,,,
10/02/2018,102,34,20,13,6,102,PM10,SM,SUR,,,,
11/02/2018,100,35,22,18,7,100,"PM10, PM2.5",SC,NORTE,,,,
12/02/2018,106,46,22,17,7,106,PM10,SC,NORTE,,,,
13/02/2018,110,49,20,14,6,110,PM10,SC,NORTE,,,,
14/02/2018,110,41,23,19,6,110,PM10,SC,NORTE,,,,
15/02/2018,113,109,30,18,6,113,PM10,SC,NORTE,,,,
16/02/2018,124,131,27,19,12,131,O3,SC,NORTE,,,,
17/02/2018,124,102,27,19,11,124,PM10,SC,NORTE,,,,
18/02/2018,118,106,29,19,7,118,PM10,SC,NORTE,,,,
19/02/2018,116,57,25,17,6,116,PM10,SC,NORTE,,,,
20/02/2018,117,49,24,18,6,117,PM10,SM,SUR,,,,
21/02/2018,121,65,42,17,7,121,PM10,SM,SUR,,,,
22/02/2018,126,103,32,19,7,126,PM10,"SM, SC","SUR, NORTE",,,,
23/02/2018,123,122,30,18,7,123,PM10,SM,SUR,,,,
24/02/2018,112,107,27,12,7,112,PM10,SM,SUR,,,,
25/02/2018,100,96,24,10,14,103,PM2.5,SM,SUR,,,,
26/02/2018,93,90,27,12,13,100,PM2.5,SM,SUR,,,,
27/02/2018,102,88,27,15,6,104,PM2.5,SC,NORTE,,,,
28/02/2018,110,108,26,12,6,112,PM2.5,SC,NORTE,,,,
01/03/2018,115,126,28,12,7,126,O3,MT,SUR,,,,
02/03/2018,117,61,31,12,7,117,PM10,SM,SUR,,,,
03/03/2018,117,107,34,12,9,117,PM10,"SM, SC","SUR, NORTE",,,,
04/03/2018,119,96,31,14,8,119,PM10,SC,NORTE,,,,
05/03/2018,113,106,40,14,7,113,PM10,SC,NORTE,,,,
06/03/2018,111,98,31,15,7,111,PM10,SC,NORTE,,,,
07/03/2018,112,94,31,14,7,113,PM2.5,"SM, SC","SUR, NORTE",,,,
08/03/2018,110,86,32,18,8,114,PM2.5,SM,SUR,,,,
09/03/2018,106,107,30,16,6,107,O3,MT,SUR,,,,
10/03/2018,108,106,30,15,7,108,PM10,SC,NORTE,,,,
11/03/2018,107,78,26,11,8,107,PM10,SC,NORTE,,,,
12/03/2018,110,61,30,13,8,110,PM10,SM,SUR,,,,
13/03/2018,115,78,28,13,8,115,PM10,SM,SUR,,,,
14/03/2018,114,120,27,12,7,120,O3,SC,NORTE,,,,
15/03/2018,114,88,24,15,7,114,PM10,SM,SUR,,,,
16/03/2018,113,82,35,17,7,113,PM10,SC,NORTE,,,,
17/03/2018,117,73,38,17,7,117,PM10,SC,NORTE,,,,
18/03/2018,117,78,26,16,7,117,PM10,SC,NORTE,,,,
19/03/2018,109,61,26,12,6,109,PM10,SC,NORTE,,,,
20/03/2018,115,100,49,15,8,115,PM10,SM,SUR,,,,
21/03/2018,121,73,25,15,8,121,PM10,SM,SUR,,,,
22/03/2018,117,65,40,14,7,117,PM10,SM,SUR,,,,
23/03/2018,111,76,44,13,7,111,PM10,SC,NORTE,,,,
24/03/2018,114,63,34,16,7,122,PM2.5,SM,SUR,,,,
25/03/2018,116,80,30,15,7,117,PM2.5,SM,SUR,,,,
26/03/2018,117,118,25,16,7,134,PM2.5,SM,SUR,,,,
27/03/2018,115,104,30,13,7,127,PM2.5,SM,SUR,,,,
28/03/2018,123,49,25,13,7,123,PM10,SM,SUR,,,,
29/03/2018,122,44,25,14,6,122,"PM10, PM2.5",SM,SUR,,,,
30/03/2018,112,44,22,12,7,117,PM2.5,SM,SUR,,,,
31/03/2018,106,48,28,12,11,114,PM2.5,SM,SUR,,,,
01/04/2018,106,57,24,16,11,106,"PM10, PM2.5",SC,NORTE,,,,
02/04/2018,102,76,28,18,7,105,PM2.5,SC,NORTE,,,,
03/04/2018,102,50,25,18,6,106,PM2.5,SM,SUR,,,,
04/04/2018,106,106,30,14,7,106,"PM10, O3",SC,NORTE,,,,
05/04/2018,107,104,26,13,7,107,PM10,SC,NORTE,,,,
06/04/2018,110,46,23,9,7,110,PM10,SC,NORTE,,,,
07/04/2018,112,45,27,12,6,112,PM10,SC,NORTE,,,,
08/04/2018,110,61,25,13,8,110,PM10,SC,NORTE,,,,
09/04/2018,113,73,23,15,8,113,PM10,SC,NORTE,,,,
10/04/2018,114,114,36,13,7,122,PM2.5,SM,SUR,,,,
11/04/2018,113,49,21,12,6,121,PM2.5,SM,SUR,,,,
12/04/2018,99,46,30,13,6,110,PM2.5,SM,SUR,,,,
13/04/2018,108,49,35,16,6,108,PM10,SM,SUR,,,,
14/04/2018,110,43,22,13,6,110,PM10,SM,SUR,,,,
15/04/2018,111,39,23,14,5,111,PM10,SC,NORTE,,,,
16/04/2018,112,57,30,17,6,112,"PM10, PM2.5",SM,SUR,,,,
17/04/2018,112,51,28,13,6,112,"PM10, PM2.5",SM,SUR,,,,
18/04/2018,108,45,23,12,6,111,PM2.5,SM,SUR,,,,
19/04/2018,115,76,31,12,6,117,PM2.5,SM,SUR,,,,
20/04/2018,115,73,27,12,7,115,PM10,SM,SUR,,,,
21/04/2018,120,57,32,15,7,125,PM2.5,SM,SUR,,,,
22/04/2018,113,90,30,20,6,120,PM2.5,SM,SUR,,,,
23/04/2018,91,80,32,20,6,104,PM2.5,SM,SUR,,,,
24/04/2018,94,49,28,14,6,106,PM2.5,SM,SUR,,,,
25/04/2018,101,49,29,15,5,107,PM2.5,SM,SUR,,,,
26/04/2018,108,50,40,19,6,108,PM10,SC,NORTE,,,,
27/04/2018,117,80,29,12,5,117,PM10,SM,SUR,,,,
28/04/2018,117,47,26,12,5,117,PM10,SM,SUR,,,,
29/04/2018,112,105,29,13,5,118,PM2.5,SC,NORTE,,,,
30/04/2018,111,61,34,15,5,118,PM2.5,SC,NORTE,,,,
01/05/2018,103,48,30,13,5,103,PM10,SM,SUR,,,,
02/05/2018,102,39,25,12,5,102,PM10,SM,SUR,,,,
03/05/2018,107,71,34,14,5,107,PM10,SC,NORTE,,,,
04/05/2018,104,92,26,14,6,108,PM2.5,SM,SUR,,,,
05/05/2018,84,44,21,10,6,108,PM2.5,SM,SUR,,,,
06/05/2018,58,41,20,8,7,88,PM2.5,SM,SUR,,,,
07/05/2018,80,39,26,13,9,91,PM2.5,SM,SUR,,,,
08/05/2018,83,28,23,13,7,96,PM2.5,SM,SUR,,,,
09/05/2018,52,49,26,10,6,84,PM2.5,SM,SUR,,,,
10/05/2018,99,65,24,10,9,99,PM10,SC,NORTE,,,,
11/05/2018,103,92,31,12,9,105,PM2.5,SC,NORTE,,,,
12/05/2018,103,101,24,12,6,104,PM2.5,"SM, SC","SUR, NORTE",,,,
13/05/2018,87,90,20,9,5,103,PM2.5,SM,SUR,,,,
14/05/2018,88,76,44,11,5,106,PM2.5,SM,SUR,,,,
15/05/2018,102,71,68,11,8,111,PM2.5,SM,SUR,,,,
16/05/2018,103,69,48,12,8,105,PM2.5,SM,SUR,,,,
17/05/2018,103,46,27,10,8,103,PM10,SC,NORTE,,,,
18/05/2018,105,50,39,11,7,105,PM10,CB,SUR,,,,
19/05/2018,112,57,28,11,6,112,PM10,CB,SUR,,,,
20/05/2018,109,65,29,9,6,109,PM10,CB,SUR,,,,
21/05/2018,86,50,32,18,6,94,PM2.5,SM,SUR,,,,
22/05/2018,94,49,32,18,6,106,PM2.5,SM,SUR,,,,
23/05/2018,104,80,30,13,6,107,PM2.5,SM,SUR,,,,
24/05/2018,113,67,37,12,9,113,PM10,SC,NORTE,,,,
25/05/2018,110,44,32,9,7,110,PM10,SC,NORTE,,,,
26/05/2018,103,59,59,9,11,103,PM10,SC,NORTE,,,,
27/05/2018,97,59,76,7,11,97,PM10,SC,NORTE,,,,
28/05/2018,104,48,74,10,7,104,PM10,CB,SUR,,,,
29/05/2018,105,42,88,10,9,105,PM10,SC,NORTE,,,,
30/05/2018,113,46,83,13,7,113,PM10,SC,NORTE,,,,
31/05/2018,115,46,66,14,7,115,PM10,SC,NORTE,,,,
01/06/2018,114,82,29,12,11,114,PM10,SC,NORTE,,,,
02/06/2018,107,71,20,7,13,107,PM10,SC,NORTE,,,,
03/06/2018,101,43,18,6,11,101,PM10,SC,NORTE,,,,
04/06/2018,97,84,20,8,8,97,PM10,SC,NORTE,,,,
05/06/2018,108,121,21,9,9,121,O3,CB,SUR,,,,
06/06/2018,108,86,21,11,7,108,PM10,SM,SUR,,,,
07/06/2018,106,105,23,11,7,106,"PM10, PM2.5","CB, SM",SUR,,,,
08/06/2018,103,86,19,9,5,103,PM10,CB,SUR,,,,
09/06/2018,81,48,27,9,5,84,PM2.5,SM,SUR,,,,
10/06/2018,64,43,17,9,5,85,PM2.5,SM,SUR,,,,
11/06/2018,76,39,21,8,5,79,PM2.5,SM,SUR,,,,
12/06/2018,71,32,17,10,5,85,PM2.5,SM,SUR,,,,
13/06/2018,60,31,20,11,5,81,PM2.5,SM,SUR,,,,
14/06/2018,29,29,13,10,5,69,PM2.5,SM,SUR,,,,
15/06/2018,46,34,18,10,5,70,PM2.5,SM,SUR,,,,
16/06/2018,64,61,15,10,6,81,PM2.5,SM,SUR,,,,
17/06/2018,64,29,11,8,6,81,PM2.5,SM,SUR,,,,
18/06/2018,44,23,12,11,5,64,PM2.5,SM,SUR,,,,
19/06/2018,33,26,15,10,4,66,PM2.5,SM,SUR,,,,
20/06/2018,48,38,13,9,4,67,PM2.5,SM,SUR,,,,
21/06/2018,65,36,19,9,5,75,PM2.5,SM,SUR,,,,
22/06/2018,65,27,11,10,5,75,PM2.5,SM,SUR,,,,
23/06/2018,46,39,16,9,5,72,PM2.5,SM,SUR,,,,
24/06/2018,52,69,20,12,5,82,PM2.5,SM,SUR,,,,
25/06/2018,63,45,18,12,5,84,PM2.5,SM,SUR,,,,
26/06/2018,57,36,18,15,5,79,PM2.5,SM,SUR,,,,
27/06/2018,52,34,15,14,5,79,PM2.5,SM,SUR,,,,
28/06/2018,44,39,20,13,5,78,PM2.5,SM,SUR,,,,
29/06/2018,61,28,20,19,6,85,PM2.5,SM,SUR,,,,
30/06/2018,76,59,16,16,6,99,PM2.5,SM,SUR,,,,
01/07/2018,80,49,15,9,6,97,PM2.5,SM,SUR,,,,
02/07/2018,95,76,24,11,5,95,PM10,SC,NORTE,,,,
03/07/2018,95,37,15,10,6,95,PM10,SC,NORTE,,,,
04/07/2018,82,49,23,14,5,94,PM2.5,SC,NORTE,,,,
05/07/2018,88,57,16,10,5,93,PM2.5,SC,NORTE,,,,
06/07/2018,86,33,14,8,5,86,PM10,SC,NORTE,,,,
07/07/2018,72,44,13,8,6,91,PM2.5,SC,NORTE,,,,
08/07/2018,59,39,22,9,5,97,PM2.5,SC,NORTE,,,,
09/07/2018,59,51,24,12,5,96,PM2.5,SC,NORTE,,,,
10/07/2018,59,40,18,12,5,90,PM2.5,SC,NORTE,,,,
11/07/2018,63,37,17,11,6,87,PM2.5,SC,NORTE,,,,
12/07/2018,81,46,17,11,6,94,PM2.5,SC,NORTE,,,,
13/07/2018,101,48,24,13,6,101,PM10,SC,NORTE,,,,
14/07/2018,83,41,19,12,6,83,PM10,SC,NORTE,,,,
15/07/2018,113,42,16,10,5,113,PM10,SC,NORTE,,,,
16/07/2018,112,49,24,10,5,112,PM10,SC,NORTE,,,,
17/07/2018,106,46,22,10,6,106,PM10,SC,NORTE,,,,
18/07/2018,86,90,20,14,5,93,PM2.5,SC,NORTE,,,,
19/07/2018,92,59,20,10,6,92,PM10,SC,NORTE,,,,
20/07/2018,103,65,20,10,6,103,PM10,SC,NORTE,,,,
21/07/2018,96,40,17,12,5,96,PM10,SC,NORTE,,,,
22/07/2018,91,69,26,10,6,91,PM10,SC,NORTE,,,,
23/07/2018,96,51,20,12,6,96,PM10,SC,NORTE,,,,
24/07/2018,95,61,21,12,6,95,PM10,SC,NORTE,,,,
25/07/2018,84,94,22,11,6,94,O3,MT,SUR,,,,
26/07/2018,90,63,20,11,6,90,PM10,SC,NORTE,,,,
27/07/2018,84,46,22,14,6,90,PM2.5,SC,NORTE,,,,
28/07/2018,78,45,26,11,6,90,PM2.5,SC,NORTE,,,,
29/07/2018,103,48,22,15,6,109,PM2.5,SC,NORTE,,,,
30/07/2018,101,61,20,11,6,101,PM10,SC,NORTE,,,,
31/07/2018,86,98,28,14,6,98,O3,CB,SUR,,,,
01/08/2018,81,57,20,15,6,88,PM2.5,SC,NORTE,,,,
02/08/2018,57,48,17,9,6,73,PM2.5,SC,NORTE,,,,
03/08/2018,50,46,24,11,6,66,PM2.5,SC,NORTE,,,,
04/08/2018,31,37,16,10,6,69,PM2.5,MT,SUR,,,,
05/08/2018,31,39,20,12,6,69,PM2.5,MT,SUR,,,,
06/08/2018,29,34,13,13,6,69,PM2.5,MT,SUR,,,,
07/08/2018,43,41,16,13,6,66,PM2.5,MT,SUR,,,,
08/08/2018,41,46,17,11,6,69,PM2.5,MT,SUR,,,,
09/08/2018,34,40,20,11,5,67,PM2.5,MT,SUR,,,,
10/08/2018,33,51,17,13,6,67,PM2.5,MT,SUR,,,,
11/08/2018,73,47,27,12,6,84,PM2.5,SC,NORTE,,,,
12/08/2018,63,40,18,9,6,81,PM2.5,SC,NORTE,,,,
13/08/2018,44,27,25,14,5,63,PM2.5,SC,NORTE,,,,
14/08/2018,63,33,19,14,5,75,PM2.5,SC,NORTE,,,,
15/08/2018,65,31,26,13,6,75,PM2.5,SC,NORTE,,,,
16/08/2018,57,49,23,13,6,72,PM2.5,SC,NORTE,,,,
17/08/2018,73,69,37,13,6,73,"PM10, PM2.5",SC,NORTE,,,,
18/08/2018,67,78,26,11,6,78,O3,SM,SUR,,,,
19/08/2018,60,49,17,9,6,72,PM2.5,SC,NORTE,,,,
20/08/2018,60,59,40,14,6,72,PM2.5,SC,NORTE,,,,
21/08/2018,61,35,17,15,6,72,PM2.5,SC,NORTE,,,,
22/08/2018,51,42,17,12,6,61,PM2.5,SC,NORTE,,,,
23/08/2018,49,38,19,13,6,67,PM2.5,SC,NORTE,,,,
24/08/2018,49,35,22,15,6,69,PM2.5,SC,NORTE,,,,
25/08/2018,60,98,18,14,6,98,O3,CB,SUR,,,,
26/08/2018,60,44,17,12,6,79,PM2.5,SC,NORTE,,,,
27/08/2018,63,53,21,16,6,78,PM2.5,SC,NORTE,,,,
28/08/2018,50,30,17,12,6,70,PM2.5,SC,NORTE,,,,
29/08/2018,51,34,17,16,6,66,PM2.5,SC,NORTE,,,,
30/08/2018,74,46,16,14,8,74,PM10,SC,NORTE,,,,
31/08/2018,67,43,18,12,7,72,PM2.5,SC,NORTE,,,,
01/09/2018,65,39,17,15,7,72,PM2.5,SC,NORTE,,,,
02/09/2018,74,69,21,15,6,81,PM2.5,SC,NORTE,,,,
03/09/2018,55,51,24,15,6,79,PM2.5,SC,NORTE,,,,
04/09/2018,76,73,18,20,7,81,PM2.5,SC,NORTE,,,,
05/09/2018,73,39,15,19,7,78,PM2.5,SC,NORTE,,,,
06/09/2018,51,29,15,10,6,67,PM2.5,SC,NORTE,,,,
07/09/2018,78,48,33,13,7,84,PM2.5,SC,NORTE,,,,
08/09/2018,93,71,36,14,7,103,PM2.5,SC,NORTE,,,,
09/09/2018,76,71,26,10,6,96,PM2.5,SC,NORTE,,,,
10/09/2018,78,44,23,12,6,87,PM2.5,MT,SUR,,,,
11/09/2018,97,36,19,10,6,97,PM10,SC,NORTE,,,,
12/09/2018,86,44,20,11,6,86,PM10,SC,NORTE,,,,
13/09/2018,45,44,38,12,6,66,PM2.5,CE,CENTRO,,,,
14/09/2018,48,31,18,17,7,67,PM2.5,SC,NORTE,,,,
15/09/2018,63,34,16,12,6,63,"PM10, PM2.5",SC,NORTE,,,,
16/09/2018,57,36,14,10,5,64,PM2.5,SC,NORTE,,,,
17/09/2018,51,35,26,15,6,64,PM2.5,SC,NORTE,,,,
18/09/2018,67,37,32,15,6,76,PM2.5,"CE, MT, SC","CENTRO, SUR,",,,,
19/09/2018,99,80,25,17,6,99,PM10,SC,NORTE,,,,
20/09/2018,96,100,25,11,8,100,O3,SM,SUR,,,,
21/09/2018,70,31,18,14,8,73,PM2.5,SC,NORTE,,,,
22/09/2018,70,35,17,12,4,70,"PM10, PM2.5",SC,NORTE,,,,
23/09/2018,65,41,16,10,4,72,PM2.5,SC,NORTE,,,,
24/09/2018,61,63,26,12,5,69,PM2.6,SC,NORTE,,,,
25/09/2018,61,40,17,14,5,70,PM2.5,CE,CENTRO,,,,
26/09/2018,57,38,22,13,5,66,PM2.5,SC,NORTE,,,,
27/09/2018,57,34,15,12,5,66,PM2.5,SC,NORTE,,,,
28/09/2018,52,44,14,12,5,64,PM2.5,SC,NORTE,,,,
29/09/2018,63,44,15,15,5,72,PM2.5,SC,NORTE,,,,
30/09/2018,63,41,17,11,5,72,PM2.5,SC,NORTE,,,,
01/10/2018,76,44,14,11,6,76,PM10,SC,NORTE,,,,
02/10/2018,99,47,13,14,5,99,PM10,SC,NORTE,,,,
03/10/2018,94,41,17,10,4,94,PM10,SC,NORTE,,,,
04/10/2018,81,44,18,12,4,81,PM10,SC,NORTE,,,,
05/10/2018,67,47,24,12,4,72,PM2.5,SC,NORTE,,,,
06/10/2018,73,55,24,15,5,88,PM2.5,SC,NORTE,,,,
07/10/2018,65,49,14,12,5,91,PM2.5,SC,NORTE,,,,
08/10/2018,68,43,22,19,4,85,PM2.5,SC,NORTE,,,,
09/10/2018,100,39,18,21,4,100,PM10,SC,NORTE,,,,
10/10/2018,81,46,20,14,4,81,PM10,SC,NORTE,,,,
11/10/2018,93,34,20,12,4,93,PM10,SC,NORTE,,,,
12/10/2018,86,57,17,15,4,86,PM10,SC,NORTE,,,,
13/10/2018,81,24,15,13,4,81,PM10,SC,NORTE,,,,
14/10/2018,102,19,9,13,4,102,PM10,SC,NORTE,,,,
15/10/2018,88,21,10,12,4,88,PM10,SC,NORTE,,,,
16/10/2018,86,28,13,15,4,86,PM10,SC,NORTE,,,,
17/10/2018,64,28,12,11,4,64,"PM10, PM2.5",SC,NORTE,,,,
18/10/2018,50,23,16,12,4,60,PM2.5,SC,NORTE,,,,
19/10/2018,94,36,18,13,4,94,PM10,SC,NORTE,,,,
20/10/2018,86,34,12,13,4,86,PM10,SC,NORTE,,,,
21/10/2018,57,26,12,12,4,64,PM2.5,SC,NORTE,,,,
22/10/2018,54,31,11,18,4,63,PM2.5,SC,NORTE,,,,
23/10/2018,102,24,12,13,4,102,PM10,SC,NORTE,,,,
24/10/2018,105,41,17,15,5,105,PM10,SC,NORTE,,,,
25/10/2018,102,78,20,16,5,102,PM10,SC,NORTE,,,,
26/10/2018,110,98,20,12,6,110,PM10,SC,NORTE,,,,
27/10/2018,104,63,23,13,6,104,PM10,SC,NORTE,,,,
28/10/2018,88,36,11,9,6,88,PM10,SC,NORTE,,,,
29/10/2018,77,37,19,11,6,77,PM10,SC,NORTE,,,,
30/10/2018,101,44,22,12,6,101,PM10,SC,NORTE,,,,
31/10/2018,113,39,21,13,6,113,PM10,SC,NORTE,,,,
01/11/2018,116,29,17,13,6,116,PM10,SC,NORTE,,,,
02/11/2018,103,27,14,12,5,103,PM10,SC,NORTE,,,,
03/11/2018,51,26,11,11,5,69,PM2.5,MT,SUR,,,,
04/11/2018,49,24,11,13,5,63,PM2.5,OX,CENTRO,,,,
05/11/2018,94,26,16,11,5,94,PM10,SC,NORTE,,,,
06/11/2018,115,31,25,16,5,115,PM10,SC,NORTE,,,,
07/11/2018,135,49,27,16,6,135,PM10,SC,NORTE,,,,
08/11/2018,130,47,35,14,6,130,PM10,SC,NORTE,,,,
09/11/2018,126,43,26,12,6,126,PM10,SC,NORTE,,,,
10/11/2018,120,41,16,11,6,120,PM10,SC,NORTE,,,,
11/11/2018,115,78,26,11,5,115,PM10,SC,NORTE,,,,
12/11/2018,122,41,21,18,5,122,PM10,SC,NORTE,,,,
13/11/2018,123,26,21,20,6,123,PM10,SC,NORTE,,,,
14/11/2018,109,21,25,26,5,109,PM10,SC,NORTE,,,,
15/11/2018,113,44,24,27,5,113,PM10,SC,NORTE,,,,
16/11/2018,135,44,21,19,6,135,PM10,SC,NORTE,,,,
17/11/2018,130,80,21,17,6,130,PM10,SC,NORTE,,,,
18/11/2018,123,40,30,18,6,123,PM10,SC,NORTE,,,,
19/11/2018,126,82,29,18,6,126,PM10,SC,NORTE,,,,
20/11/2018,144,40,39,24,7,144,PM10,SC,NORTE,,,,
21/11/2018,146,41,26,36,7,146,PM10,SC,NORTE,,,,
22/11/2018,140,105,43,30,7,140,PM10,SC,NORTE,,,,
23/11/2018,130,96,37,19,7,130,PM10,SC,NORTE,,,,
24/11/2018,135,100,26,16,7,135,PM10,SC,NORTE,,,,
25/11/2018,120,39,21,16,7,120,PM10,SC,NORTE,,,,
26/11/2018,126,31,24,17,7,126,PM10,SC,NORTE,,,,
27/11/2018,130,35,27,16,6,130,PM10,SC,NORTE,,,,
28/11/2018,121,26,17,10,6,121,PM10,SC,NORTE,,,,
29/11/2018,108,26,16,10,5,108,PM10,SC,NORTE,,,,
30/11/2018,55,19,14,10,6,55,PM10,SC,NORTE,,,,
01/12/2018,86,32,12,10,6,86,PM10,SC,NORTE,,,,
02/12/2018,100,76,16,12,7,100,PM10,SC,NORTE,,,,
03/12/2018,116,63,35,17,7,116,PM10,SC,NORTE,,,,
04/12/2018,129,32,28,17,7,129,PM10,SC,NORTE,,,,
05/12/2018,120,41,22,14,7,120,PM10,SC,NORTE,,,,
06/12/2018,116,55,35,13,7,116,PM10,SC,NORTE,,,,
07/12/2018,117,27,24,12,7,117,PM10,SC,NORTE,,,,
08/12/2018,129,36,21,17,7,129,PM10,SC,NORTE,,,,
09/12/2018,121,39,17,18,8,121,PM10,SC,NORTE,,,,
10/12/2018,114,44,20,14,7,114,PM10,SC,NORTE,,,,
11/12/2018,109,51,27,12,7,109,PM10,SC,NORTE,,,,
12/12/2018,117,41,24,12,7,117,PM10,SC,NORTE,,,,
13/12/2018,119,31,20,15,7,119,PM10,SC,NORTE,,,,
14/12/2018,126,40,23,16,7,126,PM10,SC,NORTE,,,,
15/12/2018,132,80,35,20,7,132,PM10,SC,NORTE,,,,
16/12/2018,135,136,28,20,8,136,O3,OX,CENTRO,,,,
17/12/2018,135,120,34,18,8,135,PM10,SC,NORTE,,,,
18/12/2018,132,103,31,14,7,132,PM10,SC,NORTE,,,,
19/12/2018,127,41,20,11,7,127,PM10,SC,NORTE,,,,
20/12/2018,118,40,25,18,9,118,PM10,SC,NORTE,,,,
21/12/2018,143,46,41,24,11,143,PM10,SC,NORTE,,,,
22/12/2018,149,102,43,23,10,149,PM10,SC,NORTE,,,,
23/12/2018,162,116,34,27,11,162,PM10,SC,NORTE,,,,
24/12/2018,159,78,30,22,11,159,PM10,SC,NORTE,,,,
25/12/2018,156,94,34,65,12,185,PM2.5,OX,CENTRO,,,,
26/12/2018,135,41,28,20,9,166,PM2.5,OX,CENTRO,,,,
27/12/2018,139,33,18,21,7,139,PM10,SC,NORTE,,,,
28/12/2018,135,35,24,24,7,135,PM10,SC,NORTE,,,,
29/12/2018,146,43,22,29,7,146,PM10,SC,NORTE,,,,
30/12/2018,133,33,21,21,7,133,PM10,SC,NORTE,,,,
31/12/2018,133,36,23,28,6,133,PM10,SC,NORTE,,,,
